employee_id,home_area,home_lat,home_lon,nearest_station,station_line,distance_to_station_km,walking_time_min,waiting_time_min,transit_time_min,transfer_time_min,n_transfers,door_to_door_time_min,commute_group,connectivity_score,adoption_potential_score,adoption_potential_group,current_transport_mode,car_access,driving_license
EMP0001,Kaltenkirchen,53.838600699801475,9.931786962094359,Kaltenkirchen,AKN-A1,2.0458191415439417,27.277588553919223,6.0,28.680759611004646,5.0,1,78.95834816492388,>60 min,14.062753254810993,45.3,Medium potential,public_transport,False,True
EMP0002,Fuhlsbüttel,53.59891578523515,9.972168780300676,Alsterdorf,U1,1.77978840477223,23.730512063629735,6.0,26.239635163023962,0.0,0,67.9701472266537,>60 min,43.559631403795265,38.7,Low potential,bike,True,True
EMP0003,Hamburg-Innenstadt,53.57014241235319,9.973732238576897,Hamburg Hauptbahnhof,U1,2.9184461609421617,38.91261547922882,6.0,33.947307137750585,0.0,0,90.8599226169794,>60 min,2.9113435594428694,9.9,Low potential,car,True,True
EMP0004,Quickborn,53.74643106254758,9.91031142333691,Quickborn,AKN-A1,1.5626875586375324,20.8358341151671,6.0,13.953226264952615,5.0,1,57.789060380119714,46-60 min,31.309789550189734,36.2,Low potential,car,True,True
EMP0005,Norderstedt,53.72117960600464,9.991391267546945,Friedrichsgabe,AKN-A1,2.9858047468581943,39.810729958109256,6.0,5.129484430923044,5.0,1,67.94021438903229,>60 min,0.0,25.7,Low potential,bike,True,True
EMP0006,Henstedt-Ulzburg,53.81657463140022,9.949927914875545,Kaltenkirchen,AKN-A1,2.3919930701191303,31.89324093492174,6.0,24.06695234142107,5.0,1,78.9601932763428,>60 min,1.7048894307713454,15.6,Low potential,car,True,True
EMP0007,Kaltenkirchen,53.85187205077488,9.973724307936497,Kaltenkirchen,AKN-A1,1.8329691407540747,24.43958854338766,6.0,30.398174614151888,5.0,1,77.83776315753954,>60 min,21.661162919958826,48.2,Medium potential,public_transport,False,False
EMP0008,Kaltenkirchen,53.82088474170903,9.934516406535277,Kaltenkirchen,AKN-A1,2.556949981818143,34.092666424241905,6.0,25.306413420391916,5.0,1,82.39907984463382,>60 min,0.0,22.2,Low potential,mixed,True,True
EMP0009,Norderstedt,53.69096126527417,9.914691226970135,Hasloh,AKN-A1,2.581068843791122,34.41425125054829,6.0,9.295756587254886,5.0,1,66.71000783780318,>60 min,0.0,44.9,Low potential,mixed,False,True
EMP0010,Fuhlsbüttel,53.63008443144462,10.033303695394823,Ohlsdorf,U1,1.3720535633298496,18.29404751106466,6.0,18.5148551861457,0.0,0,54.80890269721036,46-60 min,58.11512282280582,57.9,Medium potential,public_transport,True,True
EMP0011,Langenhorn (Hamburg),53.622015069276934,9.969469621535483,Fuhlsbüttel Nord,U1,2.1764979185769104,29.019972247692138,6.0,20.15257590199537,0.0,0,67.17254814968751,>60 min,29.39772681012104,30.4,Low potential,car,True,True
EMP0012,Henstedt-Ulzburg,53.771080229276755,9.854033464078634,Quickborn,AKN-A1,5.4796857773526435,73.06247703136859,6.0,21.87106607848094,5.0,1,117.93354310984952,>60 min,0.0,9.0,Low potential,car,True,True
EMP0013,Quickborn,53.74607628484403,9.906151012590172,Quickborn,AKN-A1,1.498500330173442,19.980004402312563,6.0,14.241584844527504,5.0,1,57.22158924684007,46-60 min,33.601172473989166,46.2,Medium potential,mixed,True,True
EMP0014,Hamburg-Innenstadt,53.51561307821687,9.95456186639767,Hamburg Hauptbahnhof,U1,5.390954159502136,71.87938879336181,6.0,48.992500021868665,0.0,0,138.87188881523048,>60 min,0.0,32.0,Low potential,mixed,False,False
EMP0015,Fuhlsbüttel,53.633291464038614,10.039764545446975,Ohlsdorf,U1,1.9203018506501257,25.60402467533501,6.0,18.07341729374673,0.0,0,61.67744196908174,>60 min,38.54352277668806,36.2,Low potential,car,True,True
EMP0016,Langenhorn (Hamburg),53.61418653270566,10.004860287519808,Ohlsdorf,U1,1.231478202220175,16.419709362935667,6.0,21.869623699340348,0.0,0,56.289333062276015,46-60 min,63.1334417261349,46.6,Medium potential,car,True,True
EMP0017,Ohlsdorf,53.590962575400866,10.027465553603964,Alsterdorf,U1,2.2484661604775757,29.979548806367678,6.0,28.57056105126229,0.0,0,76.55010985762996,>60 min,26.82857396627596,50.5,Medium potential,public_transport,False,True
EMP0018,Norderstedt,53.70198056521013,10.00180308036876,Norderstedt Mitte,U1,1.5389706624086068,20.51960883211476,6.0,2.188882054474816,0.0,0,40.70849088658957,31-45 min,52.15644537760073,51.9,Medium potential,car,True,True
EMP0019,Hamburg-Innenstadt,53.53620322314624,10.081266118344026,Hamburg Hauptbahnhof,U1,5.248656679754881,69.98208906339842,6.0,45.09795507362089,0.0,0,133.0800441370193,>60 min,0.0,21.0,Low potential,public_transport,True,True
EMP0020,Quickborn,53.74430406696726,9.96218042611483,Quickborn,AKN-A1,3.9112144722321487,52.14952629642865,6.0,10.305080760148032,5.0,1,85.45460705657668,>60 min,0.0,11.5,Low potential,car,True,True
EMP0021,Kaltenkirchen,53.82771178654986,9.938214724131692,Kaltenkirchen,AKN-A1,1.897825066204346,25.304334216057946,6.0,26.46554599507832,5.0,1,74.76988021113627,>60 min,19.34590856734099,49.2,Medium potential,public_transport,False,False
EMP0022,Langenhorn (Hamburg),53.66484479809177,9.982249544891447,Garstedt,U1,1.2659038713001332,16.878718284001778,6.0,8.383370076160741,0.0,0,43.26208836016252,31-45 min,61.90449958051294,53.4,Medium potential,car,True,True
EMP0023,Henstedt-Ulzburg,53.79371019119393,9.919152955926823,Henstedt-Ulzburg,AKN-A1,3.7746519328872523,50.3286924384967,6.0,20.99257414156914,5.0,1,94.32126658006584,>60 min,0.0,35.0,Low potential,public_transport,False,True
EMP0024,Hamburg-Innenstadt,53.525030976751495,10.00609062411921,Hamburg Hauptbahnhof,U1,3.088241937910756,41.17655917214341,6.0,46.01594040147889,0.0,0,105.19249957362231,>60 min,0.0,9.0,Low potential,car,True,True
EMP0025,Kaltenkirchen,53.81582896438355,9.991757550470176,Henstedt-Ulzburg,AKN-A1,2.3539823678317116,31.386431571089485,6.0,23.350942955585538,5.0,1,77.73737452667503,>60 min,3.0618116133787794,42.7,Low potential,public_transport,False,False
EMP0026,Norderstedt,53.68762109922539,9.96023392954198,Friedrichsgabe,AKN-A1,1.2728407466785931,16.971209955714578,6.0,4.293054155443974,5.0,1,44.26426411115855,31-45 min,41.6568640591316,72.8,High potential,public_transport,False,True
EMP0027,Fuhlsbüttel,53.61578049178891,10.050353719760766,Ohlsdorf,U1,2.056917796042626,27.42557061390168,6.0,23.10945684264435,0.0,0,68.53502745654603,>60 min,33.66654877607015,40.0,Low potential,mixed,True,True
EMP0028,Norderstedt,53.68506199141522,10.030672229273666,Garstedt,U1,2.7476470146647265,36.635293528863016,6.0,6.161944307012386,0.0,0,60.7972378358754,>60 min,9.008603973149409,53.8,Medium potential,public_transport,False,False
EMP0029,Norderstedt,53.67134409016384,9.958330382999717,Garstedt,U1,2.3187637222172137,30.91684962956285,6.0,8.743197183431084,0.0,0,57.66004681299393,46-60 min,24.319061771882676,34.2,Low potential,car,True,True
EMP0030,Quickborn,53.7078851875102,9.812786839343365,Quickborn,AKN-A1,6.726735473644654,89.68980631526205,6.0,21.04719204481927,5.0,1,133.73699836008132,>60 min,0.0,35.0,Low potential,public_transport,False,False
EMP0031,Kaltenkirchen,53.77217683930362,9.960729238981513,Henstedt-Ulzburg,AKN-A1,2.9147292480586264,38.863056640781686,6.0,15.461766025722719,5.0,1,77.3248226665044,>60 min,0.0,16.0,Low potential,car,True,True
EMP0032,Henstedt-Ulzburg,53.74115544783646,10.009425818523443,Tanneneck,AKN-A1,5.383791846906016,71.78389129208021,6.0,9.085663307622765,5.0,1,103.86955459970298,>60 min,0.0,9.0,Low potential,car,True,True
EMP0033,Langenhorn (Hamburg),53.64149566706716,9.963090152279934,Fuhlsbüttel Nord,U1,2.961416863216064,39.485558176214184,6.0,15.352716653646324,0.0,0,72.83827482986051,>60 min,1.377357192214479,44.9,Low potential,public_transport,False,True
EMP0034,Langenhorn (Hamburg),53.62637566933227,10.030025552833846,Ohlsdorf,U1,0.9201852466074822,12.269136621433097,6.0,19.31254044153131,0.0,0,49.58167706296441,46-60 min,74.24610977331547,53.6,Medium potential,car,True,True
EMP0035,Fuhlsbüttel,53.65011693373126,10.01590821926378,Kiwittsmoor,U1,0.4296152870354088,5.728203827138784,6.0,12.503464898632817,0.0,0,36.2316687257716,31-45 min,91.75868439587134,92.2,High potential,public_transport,False,True
EMP0036,Norderstedt,53.69859147204859,9.957987022364323,Tanneneck,AKN-A1,0.7392261037342692,9.856348049790256,6.0,4.390882251380576,5.0,1,37.24723030117083,31-45 min,60.70606605756345,74.8,High potential,bike,False,True
EMP0037,Norderstedt,53.6697212344778,10.002781358849132,Garstedt,U1,0.8039727216386275,10.719636288515034,6.0,6.859720066355662,0.0,0,35.5793563548707,31-45 min,78.39471381211149,62.6,Medium potential,car,True,True
EMP0038,Fuhlsbüttel,53.60117082958624,10.047585850384865,Ohlsdorf,U1,2.8077263238577204,37.436350984769604,6.0,26.675293258997677,0.0,0,82.11164424376727,>60 min,6.86386729495635,15.4,Low potential,car,True,True
EMP0039,Langenhorn (Hamburg),53.647233807726955,10.025467386538027,Kiwittsmoor,U1,0.4859081442594121,6.4787752567921615,6.0,13.71318933583296,0.0,0,38.19196459262512,31-45 min,89.7491180870982,64.5,Medium potential,car,True,True
EMP0040,Quickborn,53.74838205308242,9.852123870772374,Quickborn,AKN-A1,3.9598627541055866,52.798170054741156,6.0,19.38844823705866,5.0,1,95.18661829179982,>60 min,0.0,9.0,Low potential,car,True,True
EMP0041,Fuhlsbüttel,53.62223460025287,9.924363374724475,Fuhlsbüttel Nord,U1,5.099554291018939,67.99405721358585,6.0,22.75484500789093,0.0,0,108.74890222147678,>60 min,0.0,35.0,Low potential,public_transport,False,True
EMP0042,Hamburg-Innenstadt,53.529357855972776,9.965939087725472,Hamburg Hauptbahnhof,U1,3.7576896687672843,50.10252891689712,6.0,45.072202112555246,0.0,0,113.17473102945237,>60 min,0.0,9.0,Low potential,car,True,True
EMP0043,Quickborn,53.70206364929895,9.860904131918138,Quickborn,AKN-A1,4.513742305916682,60.183230745555754,6.0,15.469336759255043,5.0,1,98.6525675048108,>60 min,0.0,35.0,Low potential,public_transport,False,False
EMP0044,Langenhorn (Hamburg),53.67480583012048,9.942708176581965,Friedrichsgabe,AKN-A1,3.0980346388365385,41.307128517820516,6.0,7.180971263595917,5.0,1,71.48809978141642,>60 min,0.0,45.2,Medium potential,public_transport,False,True
EMP0045,Hamburg-Innenstadt,53.552304541144636,10.028422884570608,Hamburg Hauptbahnhof,U1,1.4228548511244186,18.971398014992246,6.0,38.94706704211258,0.0,0,75.91846505710483,>60 min,56.3015968902347,42.7,Low potential,mixed,True,True
EMP0046,Hamburg-Innenstadt,53.504154005518274,9.989562311259194,Hamburg Hauptbahnhof,U1,5.529252718819335,73.7233695842578,6.0,51.65526572020307,0.0,0,143.37863530446086,>60 min,0.0,18.0,Low potential,mixed,True,True
EMP0047,Fuhlsbüttel,53.61822715912313,9.983725249910236,Fuhlsbüttel Nord,U1,1.5389921028040898,20.519894704054533,6.0,20.81909352185968,0.0,0,59.338988225914214,46-60 min,52.155679989263135,50.6,Medium potential,mixed,True,True
EMP0048,Langenhorn (Hamburg),53.59803203050964,10.005938194029001,Alsterdorf,U1,0.6353425199981875,8.471233599975832,6.0,26.25028295126362,0.0,0,52.72151655123945,46-60 min,84.41454631963173,54.9,Medium potential,car,True,True
EMP0049,Quickborn,53.71470361587556,9.892269413421413,Quickborn,AKN-A1,2.1881619747500003,29.17549299666667,6.0,12.436028515935794,5.0,1,64.61152151260247,>60 min,8.981338382441724,51.7,Medium potential,public_transport,False,True
EMP0050,Norderstedt,53.70389065847552,10.011217088255364,Norderstedt Mitte,U1,2.102545529431274,28.033940392416987,6.0,3.499415523293606,0.0,0,49.533355915710594,46-60 min,32.03771058442098,41.0,Low potential,car,True,True
EMP0051,Norderstedt,53.71334340100103,9.999242977392372,Friedrichsgabe,AKN-A1,2.6092947639384505,34.79059685251267,6.0,3.6134799838656066,5.0,1,61.40407683637828,>60 min,0.0,50.8,Medium potential,public_transport,False,False
EMP0052,Norderstedt,53.69715521187471,9.918090118833288,Hasloh,AKN-A1,1.856903786516593,24.75871715355457,6.0,8.891840639719119,5.0,1,56.65055779327369,46-60 min,20.806733777281245,47.7,Medium potential,car,False,True
EMP0053,Kaltenkirchen,53.800863755025944,10.028591331720015,Henstedt-Ulzburg,AKN-A1,3.458759718863476,46.116796251513016,6.0,20.798273894186643,5.0,1,89.91507014569966,>60 min,0.0,35.0,Low potential,public_transport,False,True
EMP0054,Quickborn,53.76195957359928,9.896406188244908,Quickborn,AKN-A1,3.326285447082957,44.35047262777276,6.0,17.226715905820086,5.0,1,84.57718853359285,>60 min,0.0,38.0,Low potential,public_transport,False,False
EMP0055,Quickborn,53.751523877538155,9.848710910338967,Quickborn,AKN-A1,4.321060841907889,57.614144558771855,6.0,20.04255951808687,5.0,1,100.65670407685872,>60 min,0.0,35.0,Low potential,public_transport,False,False
EMP0056,Kaltenkirchen,53.791120300000436,9.943796244936882,Henstedt-Ulzburg,AKN-A1,2.2295454769267886,29.727273025690515,6.0,19.509837116830226,5.0,1,72.23711014252075,>60 min,7.50401255791326,47.1,Medium potential,public_transport,False,True
EMP0057,Fuhlsbüttel,53.630350737154515,9.962869342101374,Fuhlsbüttel Nord,U1,2.5487365995937905,33.98315466125054,6.0,18.2299814059676,0.0,0,70.21313606721813,>60 min,16.109392391119282,36.8,Low potential,public_transport,True,True
EMP0058,Alsterdorf,53.60776700559127,9.957711827789932,Alsterdorf,U1,2.784514518652498,37.12686024869998,6.0,24.347673018219325,0.0,0,79.47453326691931,>60 min,7.692492168634457,43.1,Low potential,public_transport,False,True
EMP0059,Norderstedt,53.68245295645144,10.00266356128575,Garstedt,U1,1.1093470195853088,14.791293594470785,6.0,3.4924142420467805,0.0,0,36.283707836517564,31-45 min,67.49333251826535,63.4,Medium potential,bike,True,True
EMP0060,Norderstedt,53.699124449984424,9.94286120561612,Tanneneck,AKN-A1,1.0321414121372625,13.7618854951635,6.0,6.112137430219275,5.0,1,42.874022925382775,31-45 min,50.24945106024269,76.1,High potential,public_transport,False,True
EMP0061,Quickborn,53.76609996147941,9.868591633622701,Quickborn,AKN-A1,4.467459641567271,59.56612855423028,6.0,20.002202025236983,5.0,1,102.56833057946727,>60 min,0.0,9.0,Low potential,car,True,True
EMP0062,Fuhlsbüttel,53.637680727131695,10.000328445493057,Langenhorn Nord,U1,0.6064088800920459,8.085451734560612,6.0,15.470743659642261,0.0,0,41.556195394202874,31-45 min,85.44743167690159,61.4,Medium potential,car,True,True
EMP0063,Alsterdorf,53.59193060636493,10.015671203600919,Alsterdorf,U1,1.5679913245863215,20.906550994484288,6.0,28.03497437236056,0.0,0,66.94152536684484,>60 min,51.120453462346596,37.1,Low potential,car,True,True
EMP0064,Kaltenkirchen,53.781229194190274,10.000338329334438,Henstedt-Ulzburg,AKN-A1,2.3306904513361997,31.07587268448266,6.0,16.685149342856242,5.0,1,70.7610220273389,>60 min,3.8932963338981637,20.8,Low potential,car,True,True
EMP0065,Quickborn,53.72648120757461,9.87332478626584,Quickborn,AKN-A1,2.2608492499307795,30.144656665743724,6.0,15.265588206684495,5.0,1,68.41024487242822,>60 min,6.386517183393899,22.8,Low potential,car,True,True
EMP0066,Ohlsdorf,53.61593801641124,10.053780661762923,Ohlsdorf,U1,2.2722202668550557,30.296270224734076,6.0,23.284214172634808,0.0,0,71.58048439736888,>60 min,25.98058979518929,45.5,Medium potential,bike,False,True
EMP0067,Ohlsdorf,53.604983961846905,10.020248839637764,Alsterdorf,U1,1.4652086374459308,19.536115165945745,6.0,24.629064447512693,0.0,0,62.165179613458434,>60 min,54.789633450503736,40.8,Low potential,car,True,True
EMP0068,Langenhorn (Hamburg),53.61569192139857,10.048434946256453,Ohlsdorf,U1,1.937515407672786,25.83353876897048,6.0,23.016906466219197,0.0,0,66.85044523518968,>60 min,37.929025912383686,33.2,Low potential,car,True,True
EMP0069,Norderstedt,53.681947904154356,9.991148473873162,Garstedt,U1,0.872060418080163,11.62747224106884,6.0,3.5394400604936522,0.0,0,33.16691230156249,31-45 min,75.96409032703212,86.2,High potential,mixed,False,False
EMP0070,Fuhlsbüttel,53.60869970834181,9.974095173406901,Alsterdorf,U1,1.7955208931807254,23.940278575743005,6.0,23.57106500608244,0.0,0,65.51134358182544,>60 min,42.99800635546861,49.4,Medium potential,car,False,False
EMP0071,Norderstedt,53.709970881204164,9.92804979192539,Hasloh,AKN-A1,0.3438356232920748,4.584474977227664,6.0,8.282149255269728,5.0,1,35.866624232497394,31-45 min,74.82088323844475,87.3,High potential,public_transport,False,False
EMP0072,Fuhlsbüttel,53.64771267291568,9.989488980533261,Langenhorn Nord,U1,1.5773490636977556,21.03132084930341,6.0,12.776887331543124,0.0,0,51.808208180846535,46-60 min,50.7863969199722,71.3,High potential,public_transport,False,False
EMP0073,Hamburg-Innenstadt,53.564934919782814,9.984113273533273,Hamburg Hauptbahnhof,U1,2.0213630004674608,26.951506672899477,6.0,35.222251483555,0.0,0,80.17375815645448,>60 min,34.93579895853739,50.9,Medium potential,public_transport,False,False
EMP0074,Langenhorn (Hamburg),53.62861426932668,10.05084868680732,Ohlsdorf,U1,2.2134310539623896,29.51241405283186,6.0,19.96774910909114,0.0,0,67.480163161923,>60 min,28.079272068115703,29.9,Low potential,car,True,True
EMP0075,Norderstedt,53.647652115220374,9.99917538287819,Langenhorn Nord,U1,1.1140453749485324,14.853938332647099,6.0,12.762605661711827,0.0,0,45.61654399435892,46-60 min,67.32560863445168,79.7,High potential,public_transport,False,True
EMP0076,Langenhorn (Hamburg),53.682309433935146,10.049580041976514,Garstedt,U1,3.8212734184786936,50.95031224638258,6.0,9.247128800827525,0.0,0,78.1974410472101,>60 min,0.0,34.0,Low potential,bike,False,True
EMP0077,Langenhorn (Hamburg),53.65576457168737,10.01207863517379,Ochsenzoll,U1,0.427529015222278,5.700386869630373,6.0,10.867958192804789,0.0,0,34.568345062435164,31-45 min,91.83316101250368,67.2,Medium potential,car,True,True
EMP0078,Quickborn,53.70664844952079,9.999662616521311,Norderstedt Mitte,U1,1.9298890386428476,25.7318538485713,6.0,3.294278569789223,0.0,0,47.026132418360525,46-60 min,38.20127527076765,70.2,High potential,public_transport,False,True
EMP0079,Ohlsdorf,53.64251886840512,9.994806535657276,Langenhorn Nord,U1,0.9940443449201853,13.253924598935805,6.0,14.144159872740072,0.0,0,45.39808447167587,46-60 min,71.60945633476372,81.1,High potential,public_transport,False,True
EMP0080,Kaltenkirchen,53.80497750057887,9.965917652109951,Henstedt-Ulzburg,AKN-A1,1.1493674872636457,15.324899830181945,6.0,21.52760004557143,5.0,1,59.852499875753374,46-60 min,46.064664877756286,62.5,Medium potential,mixed,False,False
EMP0081,Quickborn,53.72718474781373,9.974698534323403,Tanneneck,AKN-A1,2.7866659067396298,37.155545423195065,6.0,6.711933037699605,5.0,1,66.86747846089467,>60 min,0.0,40.3,Low potential,bike,False,True
EMP0082,Fuhlsbüttel,53.63281897225979,10.06728890578613,Ohlsdorf,U1,3.3939240618420676,45.252320824560904,6.0,20.316125268787868,0.0,0,83.56844609334877,>60 min,0.0,35.6,Low potential,mixed,False,False
EMP0083,Hamburg-Innenstadt,53.568078717791295,10.015015744200273,Hamburg Hauptbahnhof,U1,1.7814717541528673,23.75295672203823,6.0,34.45642120775873,0.0,0,76.20937792979696,>60 min,43.49953848316483,41.7,Low potential,public_transport,True,True
EMP0084,Norderstedt,53.68134127549282,9.95152187814313,Friedrichsgabe,AKN-A1,2.1699646194386544,28.93286159251539,6.0,5.681981667726581,5.0,1,57.614843260241976,46-60 min,9.630955295595353,41.8,Low potential,public_transport,True,True
EMP0085,Norderstedt,53.64406189200171,9.93341637050533,Fuhlsbüttel Nord,U1,4.837764164903246,64.50352219870994,6.0,17.001133049061124,0.0,0,99.50465524777107,>60 min,0.0,35.0,Low potential,public_transport,False,True
EMP0086,Norderstedt,53.65522745877866,10.009349381202917,Ochsenzoll,U1,0.35109430481573045,4.681257397543073,6.0,10.914299542425745,0.0,0,33.595556939968816,31-45 min,94.56175974471253,73.0,High potential,bike,True,True
EMP0087,Kaltenkirchen,53.861741344130216,9.992569799262256,Kaltenkirchen,AKN-A1,3.4009657653642105,45.346210204856135,6.0,32.19747181776548,5.0,1,100.54368202262162,>60 min,0.0,35.0,Low potential,public_transport,False,True
EMP0088,Fuhlsbüttel,53.58878859789838,9.989353690114585,Alsterdorf,U1,1.5727899430316215,20.97053257375495,6.0,28.725280404047833,0.0,0,67.69581297780279,>60 min,50.94915034447571,36.6,Low potential,car,True,True
EMP0089,Norderstedt,53.7196176177886,9.991390689501879,Friedrichsgabe,AKN-A1,2.83381657913427,37.7842210551236,6.0,4.830049536350153,5.0,1,65.61427059147375,>60 min,0.0,41.0,Low potential,bike,False,False
EMP0090,Ohlsdorf,53.62247954671588,10.006761071332472,Fuhlsbüttel Nord,U1,0.6586682446377999,8.782243261837333,6.0,19.65206639218801,0.0,0,46.43430965402534,46-60 min,83.58185470163552,84.1,High potential,public_transport,False,True
EMP0091,Norderstedt,53.709061823918276,9.958848052669254,Tanneneck,AKN-A1,0.5178206928877215,6.90427590516962,6.0,5.053172628216368,5.0,1,34.957448533385985,31-45 min,68.60989038196779,60.0,Medium potential,car,True,True
EMP0092,Quickborn,53.7348980021901,9.890423278593254,Quickborn,AKN-A1,1.0623433206933923,14.164577609245232,6.0,14.30986915957111,5.0,1,51.47444676881634,46-60 min,49.171290510432,45.0,Medium potential,car,True,True
EMP0093,Fuhlsbüttel,53.587287580171235,10.01151669045728,Alsterdorf,U1,1.8219422615292784,24.292563487057045,6.0,29.22079210184393,0.0,0,71.51335558890098,>60 min,42.05480513450984,57.8,Medium potential,public_transport,False,True
EMP0094,Fuhlsbüttel,53.631122538447535,9.986977929097554,Fuhlsbüttel Nord,U1,1.0250850294402445,13.667800392536593,6.0,17.29137976926448,0.0,0,48.95918016180107,46-60 min,70.50135280460272,75.8,High potential,mixed,False,True
EMP0095,Langenhorn (Hamburg),53.66668191983021,9.978489725754391,Garstedt,U1,1.2798023151662716,17.06403086888362,6.0,8.09195692881152,0.0,0,43.15598779769514,31-45 min,61.40834703265723,79.3,High potential,public_transport,False,True
EMP0096,Quickborn,53.73437902514279,9.892257129298837,Quickborn,AKN-A1,0.9317772745418863,12.423696993891818,6.0,14.079939780875282,5.0,1,49.5036367747671,46-60 min,53.83229264027071,70.5,High potential,mixed,False,True
EMP0097,Langenhorn (Hamburg),53.62372070001968,9.969421301775919,Fuhlsbüttel Nord,U1,2.1352180017137314,28.469573356183087,6.0,19.702554255770725,0.0,0,66.17212761195381,>60 min,30.87135480216101,31.4,Low potential,car,True,True
EMP0098,Norderstedt,53.67269549024133,10.037394026831231,Ochsenzoll,U1,2.594790684178146,34.597209122375276,6.0,8.940580732507705,0.0,0,61.53778985488298,>60 min,14.465334133535467,41.1,Low potential,public_transport,True,True
EMP0099,Norderstedt,53.655059832071146,9.965440259051617,Ochsenzoll,U1,2.7450180758700107,36.60024101160014,6.0,11.80464512076077,0.0,0,66.4048861323609,>60 min,9.102452946006922,24.8,Low potential,car,True,True
EMP0100,Henstedt-Ulzburg,53.825244089220604,9.941364828734477,Kaltenkirchen,AKN-A1,1.8977258746069463,25.30301166142595,6.0,25.916753545142928,5.0,1,74.21976520656888,>60 min,19.349449551083474,28.0,Low potential,bike,True,True
EMP0101,Henstedt-Ulzburg,53.79687325329519,9.980445553001974,Henstedt-Ulzburg,AKN-A1,0.26639920729047656,3.5519894305396873,6.0,19.771307140070814,5.0,1,46.3232965706105,46-60 min,77.58524128212565,56.4,Medium potential,car,True,True
EMP0102,Quickborn,53.75813334411614,9.862345837566094,Quickborn,AKN-A1,4.042171311919735,53.895617492263135,6.0,19.529749033597327,5.0,1,96.42536652586045,>60 min,0.0,35.0,Low potential,public_transport,False,True
EMP0103,Langenhorn (Hamburg),53.62418522803445,10.02369439580538,Ohlsdorf,U1,0.470137510991786,6.268500146557147,6.0,19.626614762340868,0.0,0,43.895114908898016,31-45 min,90.31210484679539,61.6,Medium potential,car,True,True
EMP0104,Henstedt-Ulzburg,53.77918964318355,9.913687849494988,Henstedt-Ulzburg,AKN-A1,4.556591904378853,60.75455872505137,6.0,18.78892758974684,5.0,1,102.5434863147982,>60 min,0.0,9.0,Low potential,car,True,True
EMP0105,Kaltenkirchen,53.830899185412065,9.945134828400125,Kaltenkirchen,AKN-A1,1.3265560938671477,17.6874145848953,6.0,26.88040179820635,5.0,1,67.56781638310164,>60 min,39.73931079754047,33.3,Low potential,car,True,True
EMP0106,Quickborn,53.72446327871614,9.833450889616113,Quickborn,AKN-A1,4.86406022893684,64.85413638582455,6.0,19.3993523819287,5.0,1,107.25348876775325,>60 min,0.0,21.0,Low potential,public_transport,True,True
EMP0107,Fuhlsbüttel,53.62642325860841,9.998675747714216,Fuhlsbüttel Nord,U1,0.1987559217008076,2.650078956010768,6.0,18.51096106744898,0.0,0,39.16104002345975,31-45 min,100.0,71.6,High potential,bike,True,True
EMP0108,Langenhorn (Hamburg),53.659485894520785,10.025011991305387,Ochsenzoll,U1,1.2113719228618727,16.151625638158304,6.0,10.627285246959756,0.0,0,44.77891088511806,31-45 min,63.851204220094715,71.6,High potential,bike,False,True
EMP0109,Norderstedt,53.62213133248104,9.983421180848822,Fuhlsbüttel Nord,U1,1.310673137359826,17.475641831464348,6.0,19.77072502877268,0.0,0,55.24636686023703,46-60 min,60.30630731992011,72.3,High potential,public_transport,False,False
EMP0110,Henstedt-Ulzburg,53.79626275923423,10.021542648034767,Henstedt-Ulzburg,AKN-A1,2.965275361586157,39.53700482114876,6.0,19.792012853736384,5.0,1,82.32901767488515,>60 min,0.0,13.2,Low potential,car,True,True
EMP0111,Fuhlsbüttel,53.62907071816273,9.996028526002213,Fuhlsbüttel Nord,U1,0.3883328530575744,5.177771374100993,6.0,17.788041796768944,0.0,0,40.965813170869936,31-45 min,93.2324022449386,87.1,High potential,mixed,False,False
EMP0112,Norderstedt,53.676659110181696,9.992427833775599,Garstedt,U1,0.2781308185942647,3.708410914590196,6.0,4.921425883651925,0.0,0,26.62983679824212,<=30 min,97.16644124271919,85.1,High potential,public_transport,True,True
EMP0113,Langenhorn (Hamburg),53.65071248493098,10.05951637604563,Kiwittsmoor,U1,2.7631256652266907,36.84167553635587,6.0,15.699505482864108,0.0,0,70.54118101921998,>60 min,8.456040536001074,48.3,Medium potential,public_transport,False,True
EMP0114,Alsterdorf,53.61412705208436,10.053252227510226,Ohlsdorf,U1,2.292347769455754,30.564636926076723,6.0,23.701993166967032,0.0,0,72.26663009304376,>60 min,25.26206966491492,35.4,Low potential,mixed,True,True
EMP0115,Norderstedt,53.74341385162719,9.958631672624112,Quickborn,AKN-A1,3.6582475402074435,48.77663386943258,6.0,10.306336325865995,5.0,1,82.08297019529857,>60 min,0.0,13.4,Low potential,car,True,True
EMP0116,Hamburg-Innenstadt,53.545444536305475,9.944724790022802,Hamburg Hauptbahnhof,U1,4.188223673471096,55.84298231294794,6.0,41.281988878052,0.0,0,115.12497119099993,>60 min,0.0,21.0,Low potential,public_transport,True,True
EMP0117,Kaltenkirchen,53.86096675140363,9.960308653506779,Kaltenkirchen,AKN-A1,2.70328758356868,36.0438344475824,6.0,32.301300428389254,5.0,1,91.34513487597165,>60 min,0.0,18.0,Low potential,mixed,True,True
EMP0118,Quickborn,53.740528704319885,9.9016499679135,Quickborn,AKN-A1,0.9289466720891676,12.385955627855568,6.0,13.913233809220717,5.0,1,49.29918943707628,46-60 min,53.9333406879809,59.7,Medium potential,public_transport,True,True
EMP0119,Fuhlsbüttel,53.63076976449256,10.012828277898668,Fuhlsbüttel Nord,U1,0.8534236620575331,11.378982160767109,6.0,17.539507146385766,0.0,0,46.918489307152875,46-60 min,76.62939315326587,81.8,High potential,public_transport,False,True
EMP0120,Alsterdorf,53.59130996312333,9.995463813881054,Alsterdorf,U1,1.185829009616144,15.811053461548585,6.0,28.022717289082095,0.0,0,61.83377075063068,>60 min,64.76304597796243,44.0,Low potential,car,True,True
EMP0121,Alsterdorf,53.6031686339765,9.990926866542633,Alsterdorf,U1,0.5349844902755525,7.133126537007366,6.0,24.82134066225855,0.0,0,49.95446719926592,46-60 min,87.99716985822636,57.5,Medium potential,car,True,True
EMP0122,Quickborn,53.71033362276048,9.868108331099895,Quickborn,AKN-A1,3.5183117736377003,46.91082364850267,6.0,14.888699840805922,5.0,1,84.7995234893086,>60 min,0.0,30.4,Low potential,bike,False,False
EMP0123,Norderstedt,53.698694690798725,10.000119162229126,Norderstedt Mitte,U1,1.181248364208413,15.749978189445509,6.0,1.2769755709552009,0.0,0,35.02695376040071,31-45 min,64.92656780182693,58.8,Medium potential,car,True,True
EMP0124,Fuhlsbüttel,53.63648017656554,10.040060797175004,Kiwittsmoor,U1,1.8215469999061686,24.287293332082246,6.0,17.30012945980194,0.0,0,59.58742279188419,46-60 min,42.06891535168699,56.9,Medium potential,bike,False,True
EMP0125,Norderstedt,53.67629702058447,9.961910713684633,Garstedt,U1,2.0741011408145327,27.6546818775271,6.0,7.392174917331829,0.0,0,53.046856794858925,46-60 min,33.05313044151574,43.8,Low potential,bike,True,True
EMP0126,Ohlsdorf,53.615330726370544,10.04657169738916,Ohlsdorf,U1,1.8319178484425664,24.425571312567552,6.0,23.000419378616538,0.0,0,65.4259906911841,>60 min,41.69869239908035,61.1,Medium potential,public_transport,False,True
EMP0127,Langenhorn (Hamburg),53.66175898240685,10.052397341595814,Kiwittsmoor,U1,2.820941379259121,37.61255172345494,6.0,12.727193039591656,0.0,0,68.3397447630466,>60 min,6.39211063855587,48.9,Medium potential,public_transport,False,True
EMP0128,Norderstedt,53.69937477949325,9.966543779116895,Friedrichsgabe,AKN-A1,0.3085888882215062,4.114518509620083,6.0,3.4689389873198113,5.0,1,30.583457496939893,31-45 min,76.07913614627309,83.1,High potential,bike,False,False
EMP0129,Norderstedt,53.65374328033796,10.034026647331183,Kiwittsmoor,U1,1.3178486248020445,17.57131499736059,6.0,12.676782632767504,0.0,0,48.24809763012809,46-60 min,60.050153723815924,76.1,High potential,public_transport,False,True
EMP0130,Alsterdorf,53.625410277409024,9.956092806670647,Fuhlsbüttel Nord,U1,2.982765874211804,39.770211656157386,6.0,19.838601088683472,0.0,0,77.60881274484086,>60 min,0.6152311368261776,16.0,Low potential,car,True,True
EMP0131,Norderstedt,53.682203527867166,9.942622428606013,Friedrichsgabe,AKN-A1,2.478438837043724,33.045851160582984,6.0,6.540454321884917,5.0,1,62.5863054824679,>60 min,0.0,24.1,Low potential,car,True,True
EMP0132,Henstedt-Ulzburg,53.75154731015883,9.961209746181895,Quickborn,AKN-A1,4.192082289270478,55.894430523606374,6.0,11.64898374828121,5.0,1,90.54341427188758,>60 min,0.0,9.0,Low potential,car,True,True
EMP0133,Alsterdorf,53.59063758229754,9.9896968051409,Alsterdorf,U1,1.3760756529791187,18.347675373054916,6.0,28.22247579352443,0.0,0,64.57015116657935,>60 min,57.971540559466916,58.9,Medium potential,bike,False,True
EMP0134,Langenhorn (Hamburg),53.64517317587999,10.005575537661928,Langenhorn Nord,U1,0.6700022102503842,8.933362803338456,6.0,13.513259485926284,0.0,0,40.44662228926474,31-45 min,83.17724998688085,61.3,Medium potential,car,True,True
EMP0135,Alsterdorf,53.62134591529826,9.937942769478004,Fuhlsbüttel Nord,U1,4.225603381050784,56.34137841401046,6.0,21.953149603184922,0.0,0,96.29452801719538,>60 min,0.0,9.0,Low potential,car,True,True
EMP0136,Norderstedt,53.69114048362648,9.890432494972606,Hasloh,AKN-A1,3.420848413686745,45.61131218248994,6.0,12.055772896842742,5.0,1,80.66708507933268,>60 min,0.0,40.2,Low potential,public_transport,False,True
EMP0137,Henstedt-Ulzburg,53.809933575264694,9.977756177636945,Henstedt-Ulzburg,AKN-A1,1.4742008715914106,19.65601162121881,6.0,22.305946430045488,5.0,1,64.9619580512643,>60 min,34.468624859530124,33.2,Low potential,car,True,True
EMP0138,Ohlsdorf,53.619308515076064,10.022613665279028,Ohlsdorf,U1,0.20711044728560832,2.7614726304747776,6.0,20.879597466018534,0.0,0,41.64107009649331,31-45 min,99.70175659987926,91.6,High potential,public_transport,False,False
EMP0139,Kaltenkirchen,53.84115636434461,9.95779214035023,Kaltenkirchen,AKN-A1,0.5945637303571539,7.927516404762052,6.0,28.559599099572605,5.0,1,59.48711550433465,46-60 min,65.87028485940913,64.1,Medium potential,bike,False,True
EMP0140,Norderstedt,53.68696079613015,10.043470256099784,Garstedt,U1,3.602020083646709,48.02693444862279,6.0,7.917610776535374,0.0,0,73.94454522515817,>60 min,0.0,43.9,Low potential,public_transport,False,False
EMP0141,Ohlsdorf,53.62672527068482,10.035418910779194,Ohlsdorf,U1,1.2192234959072012,16.256313278762683,6.0,19.48637935307051,0.0,0,53.742692631833194,46-60 min,63.57091543318917,74.1,High potential,public_transport,False,False
EMP0142,Ohlsdorf,53.63559221170472,10.047945150153108,Kiwittsmoor,U1,2.3056402737086867,30.741870316115822,6.0,18.06961018100147,0.0,0,66.81148049711729,>60 min,24.78754820654192,33.7,Low potential,bike,True,True
EMP0143,Henstedt-Ulzburg,53.77600304559692,10.055357424397508,Henstedt-Ulzburg,AKN-A1,5.674641456278114,75.6618860837082,6.0,17.07350234755497,5.0,1,115.73538843126317,>60 min,0.0,35.0,Low potential,public_transport,False,True
EMP0144,Alsterdorf,53.61845678758316,9.963750154582323,Fuhlsbüttel Nord,U1,2.6624813566267242,35.49975142168966,6.0,21.300267924926402,0.0,0,74.80001934661607,>60 min,12.048883779460018,21.0,Low potential,car,True,True
EMP0145,Fuhlsbüttel,53.65274345968127,10.058371440903798,Kiwittsmoor,U1,2.737115441179898,36.49487254906531,6.0,15.16328458658797,0.0,0,69.65815713565328,>60 min,9.384564553179365,23.1,Low potential,car,True,True
EMP0146,Langenhorn (Hamburg),53.655664498343576,9.963322308891719,Garstedt,U1,2.8500475600395614,38.00063413386082,6.0,11.802375223637439,0.0,0,67.80300935749827,>60 min,5.353065843926174,22.9,Low potential,car,True,True
EMP0147,Langenhorn (Hamburg),53.65296124065102,9.998474496190367,Ochsenzoll,U1,0.78417092646084,10.4556123528112,6.0,11.320339424415845,0.0,0,39.77595177722705,31-45 min,79.10160670056734,86.5,High potential,public_transport,False,True
EMP0148,Ohlsdorf,53.59918395881375,10.008266015858522,Alsterdorf,U1,0.6950121881299004,9.26682917506534,6.0,25.964598015802963,0.0,0,53.2314271908683,46-60 min,82.2844331819025,66.0,Medium potential,public_transport,True,True
EMP0149,Fuhlsbüttel,53.6063751148442,10.007560012896727,Alsterdorf,U1,0.7749405617719929,10.332540823626571,6.0,24.012571099237093,0.0,0,52.345111922863666,46-60 min,79.4311161767445,65.6,Medium potential,public_transport,True,True
EMP0150,Norderstedt,53.70671094868671,10.079160946965784,Norderstedt Mitte,U1,6.231371526434691,83.08495368579587,6.0,13.750580511945548,0.0,0,114.83553419774141,>60 min,0.0,35.0,Low potential,public_transport,False,False
EMP0151,Hamburg-Innenstadt,53.495228186712055,10.007068084523024,Hamburg Hauptbahnhof,U1,6.401712040107518,85.35616053476691,6.0,54.09428162107508,0.0,0,157.45044215584198,>60 min,0.0,35.0,Low potential,public_transport,False,True
EMP0152,Hamburg-Innenstadt,53.528658139053995,10.06622004744503,Hamburg Hauptbahnhof,U1,4.750858388498381,63.34477851331174,6.0,46.40235488938574,0.0,0,127.74713340269747,>60 min,0.0,9.0,Low potential,car,True,True
EMP0153,Norderstedt,53.696662279870175,9.96678601934133,Friedrichsgabe,AKN-A1,0.23118461099814336,3.082461479975245,6.0,3.3438061163244353,5.0,1,29.42626759629968,<=30 min,78.84234688620832,92.1,High potential,public_transport,False,False
EMP0154,Ohlsdorf,53.598240819085106,10.051217272323392,Ohlsdorf,U1,3.2114215279780733,42.818953706374316,6.0,27.61339763269271,0.0,0,88.43235133906703,>60 min,0.0,9.9,Low potential,car,True,True
EMP0155,Norderstedt,53.70395238779522,9.908534448125499,Hasloh,AKN-A1,1.5777030147395177,21.0360401965269,6.0,10.127121991214699,5.0,1,54.1631621877416,46-60 min,30.773761425460883,50.0,Medium potential,public_transport,True,True
EMP0156,Quickborn,53.74274228103702,9.902869447414014,Quickborn,AKN-A1,1.1476123546141535,15.301498061522045,6.0,14.082619024645403,5.0,1,52.38411708616745,46-60 min,46.12732034798428,66.6,Medium potential,mixed,False,False
EMP0157,Langenhorn (Hamburg),53.66691728353795,10.018854413117497,Ochsenzoll,U1,1.2704329320834429,16.93910576111257,6.0,8.383434836955793,0.0,0,43.322540598068365,31-45 min,61.742819246464364,79.3,High potential,public_transport,False,True
EMP0158,Quickborn,53.732670012391566,9.845174640518097,Quickborn,AKN-A1,4.007549547001132,53.4339939600151,6.0,18.685445241957012,5.0,1,95.11943920197211,>60 min,0.0,21.0,Low potential,public_transport,True,True
EMP0159,Kaltenkirchen,53.849525198777364,9.930293002773714,Kaltenkirchen,AKN-A1,2.5655058199746925,34.20674426632924,6.0,30.762257043530564,5.0,1,87.9690013098598,>60 min,0.0,10.1,Low potential,car,True,True
EMP0160,Kaltenkirchen,53.81160952713278,9.987467452800004,Henstedt-Ulzburg,AKN-A1,1.8101635882373546,24.135514509831392,6.0,22.553406667854905,5.0,1,69.6889211776863,>60 min,22.475285212742634,53.0,Medium potential,public_transport,False,False
EMP0161,Norderstedt,53.67339611976958,9.97039107587987,Garstedt,U1,1.5050789167923202,20.06771889056427,6.0,7.078644647327696,0.0,0,45.146363537891965,46-60 min,53.366327296810866,54.3,Medium potential,bike,True,True
EMP0162,Henstedt-Ulzburg,53.77870383975116,10.024505848189342,Henstedt-Ulzburg,AKN-A1,3.740443604959008,49.872581399453445,6.0,16.515915702666717,5.0,1,89.38849710212017,>60 min,0.0,9.3,Low potential,car,True,True
EMP0163,Langenhorn (Hamburg),53.66757586220596,10.002921183000336,Garstedt,U1,0.9760232677161315,13.01364356954842,6.0,7.43757102995031,0.0,0,38.451214599498726,31-45 min,72.25278039722798,71.1,High potential,public_transport,True,True
EMP0164,Norderstedt,53.70912106775699,9.971313817925422,Tanneneck,AKN-A1,1.1674359547924187,15.56581273056558,6.0,3.949044016579441,5.0,1,42.514856747145025,31-45 min,45.41964905536699,60.9,Medium potential,public_transport,True,True
EMP0165,Ohlsdorf,53.64658016250906,10.03688592083186,Kiwittsmoor,U1,1.2316687539420963,16.422250052561285,6.0,14.608651232549024,0.0,0,49.03090128511031,46-60 min,63.12663932989254,55.1,Medium potential,bike,True,True
EMP0166,Langenhorn (Hamburg),53.61291639652271,9.988641014273293,Alsterdorf,U1,1.4029678196126354,18.706237594835137,6.0,22.197112860659885,0.0,0,58.90335045549502,46-60 min,57.01153258151719,43.3,Low potential,car,True,True
EMP0167,Hamburg-Innenstadt,53.57886806157889,10.011372778281913,Alsterdorf,U1,2.683591562952945,35.7812208393726,6.0,31.493167009307207,0.0,0,85.27438784867981,>60 min,11.295282674516749,41.0,Low potential,public_transport,False,False
EMP0168,Hamburg-Innenstadt,53.48853256124485,9.979437812777647,Hamburg Hauptbahnhof,U1,7.373231669551182,98.30975559401577,6.0,55.94193157117127,0.0,0,172.25168716518704,>60 min,0.0,32.0,Low potential,mixed,False,True
EMP0169,Langenhorn (Hamburg),53.59878584334818,10.020209189581283,Alsterdorf,U1,1.4583163223755675,19.44421763167423,6.0,26.288116946914226,0.0,0,63.73233457858846,>60 min,55.03567823909452,52.0,Medium potential,public_transport,True,True
EMP0170,Henstedt-Ulzburg,53.772226675338615,9.955013890039373,Henstedt-Ulzburg,AKN-A1,3.0626077859611525,40.83477047948203,6.0,15.652592783552462,5.0,1,79.4873632630345,>60 min,0.0,14.8,Low potential,car,True,True
EMP0171,Langenhorn (Hamburg),53.67196183328044,9.991450469496375,Garstedt,U1,0.274260601185737,3.6568080158098266,6.0,6.204157868759503,0.0,0,27.860965884569328,<=30 min,97.3046019063511,91.0,High potential,bike,False,True
EMP0172,Ohlsdorf,53.6124131335089,9.975610016803053,Alsterdorf,U1,1.9269857611010603,25.69314348134747,6.0,22.539761594065475,0.0,0,66.23290507541294,>60 min,38.304917704651885,59.6,Medium potential,public_transport,False,True
EMP0173,Langenhorn (Hamburg),53.67615056516356,9.986734565182138,Garstedt,U1,0.4779149093807293,6.372198791743057,6.0,5.238429430243473,0.0,0,29.61062822198653,<=30 min,90.0344639782544,95.4,High potential,public_transport,False,True
EMP0174,Henstedt-Ulzburg,53.77022226570393,9.944086778458217,Henstedt-Ulzburg,AKN-A1,3.6297503374326765,48.39667116576902,6.0,15.709117959791493,5.0,1,87.10578912556052,>60 min,0.0,15.1,Low potential,bike,True,True
EMP0175,Norderstedt,53.72558776909063,9.97497645096306,Tanneneck,AKN-A1,2.639838852143337,35.197851361911155,6.0,6.413920089579038,5.0,1,64.6117714514902,>60 min,0.0,23.0,Low potential,car,True,True
EMP0176,Norderstedt,53.667049785593434,9.939853483234778,Garstedt,U1,3.603013493330179,48.04017991106905,6.0,11.709549513072425,0.0,0,77.74972942414148,>60 min,0.0,15.8,Low potential,car,True,True
EMP0177,Fuhlsbüttel,53.60500424340314,10.018192213516173,Alsterdorf,U1,1.3345365344948865,17.79382045993182,6.0,24.573316853353838,0.0,0,60.36713731328565,>60 min,59.454421640984556,52.2,Medium potential,mixed,True,True
EMP0178,Henstedt-Ulzburg,53.79894573449613,9.954290406302642,Henstedt-Ulzburg,AKN-A1,1.4733819439344462,19.645092585792618,6.0,20.64425037697481,5.0,1,63.28934296276743,>60 min,34.49785928659446,46.1,Medium potential,public_transport,True,True
EMP0179,Hamburg-Innenstadt,53.54327289612176,9.974475657193969,Hamburg Hauptbahnhof,U1,2.389792216967601,31.86389622623468,6.0,41.18677175553586,0.0,0,91.05066798177054,>60 min,21.78345642065198,38.5,Low potential,mixed,False,False
EMP0180,Kaltenkirchen,53.8437006971665,9.987015880217957,Kaltenkirchen,AKN-A1,1.7692458117642051,23.589944156856067,6.0,28.73594394213418,5.0,1,75.32588809899025,>60 min,23.93598536344114,50.3,Medium potential,public_transport,False,True
EMP0181,Hamburg-Innenstadt,53.52452340589038,9.97814402647919,Hamburg Hauptbahnhof,U1,3.673820992519203,48.98427990025604,6.0,46.212612111524365,0.0,0,113.1968920117804,>60 min,0.0,32.0,Low potential,mixed,False,False
EMP0182,Hamburg-Innenstadt,53.5692209527384,9.984072284077568,Hamburg Hauptbahnhof,U1,2.3679367467776222,31.572489957034964,6.0,34.0626740897446,0.0,0,83.63516404677955,>60 min,22.563662271305617,45.3,Medium potential,public_transport,False,False
EMP0183,Ohlsdorf,53.58978914205863,10.077269137240647,Ohlsdorf,U1,5.083180235812856,67.77573647750475,6.0,31.296566983169246,0.0,0,117.072303460674,>60 min,0.0,9.0,Low potential,car,True,True
EMP0184,Langenhorn (Hamburg),53.62641299505601,10.022434673943573,Ohlsdorf,U1,0.6738100100449194,8.984133467265591,6.0,18.992680260835183,0.0,0,45.97681372810077,46-60 min,83.0413175337243,84.2,High potential,public_transport,False,False
EMP0185,Kaltenkirchen,53.84831248274942,9.98485221797376,Kaltenkirchen,AKN-A1,1.939182320588642,25.855764274515227,6.0,29.633717126156387,5.0,1,78.48948140067162,>60 min,17.86951974764891,32.7,Low potential,public_transport,True,True
EMP0186,Quickborn,53.7157123122008,9.877089002560933,Quickborn,AKN-A1,2.6775451338222087,35.70060178429611,6.0,14.147137656313305,5.0,1,72.84773944060942,>60 min,0.0,23.0,Low potential,bike,True,True
EMP0187,Langenhorn (Hamburg),53.60751181516789,9.995324970879764,Alsterdorf,U1,0.6730304892632939,8.973739856843919,6.0,23.631492491338868,0.0,0,50.60523234818279,46-60 min,83.06914519742787,67.7,Medium potential,public_transport,True,True
EMP0188,Norderstedt,53.66890685460102,10.00424298475668,Garstedt,U1,0.9357268335515023,12.476357780686698,6.0,7.118052134259709,0.0,0,37.59440991494641,31-45 min,73.69129960648931,78.6,High potential,bike,False,True
EMP0189,Kaltenkirchen,53.81891244837311,10.020856230520197,Henstedt-Ulzburg,AKN-A1,3.8237513008486763,50.98335067798235,6.0,24.108780249639906,5.0,1,98.09213092762226,>60 min,0.0,35.0,Low potential,public_transport,False,True
EMP0190,Langenhorn (Hamburg),53.651630513986646,10.019875548441275,Kiwittsmoor,U1,0.5810782363656869,7.747709818209158,6.0,12.291813069335301,0.0,0,38.03952288754446,31-45 min,86.35169574737627,63.6,Medium potential,car,True,True
EMP0191,Henstedt-Ulzburg,53.78906366779514,9.986137035944902,Henstedt-Ulzburg,AKN-A1,1.0630383814949909,14.173845086599878,6.0,18.221494051952753,5.0,1,55.39533913855263,46-60 min,49.1464779349416,42.9,Low potential,car,True,True
EMP0192,Langenhorn (Hamburg),53.670364824917804,10.020981284658266,Ochsenzoll,U1,1.6623327134850465,22.16443617980062,6.0,7.727484434918797,0.0,0,47.89192061471942,46-60 min,47.752614521442695,46.6,Medium potential,car,True,True
EMP0193,Norderstedt,53.7189852328,10.002149073929964,Friedrichsgabe,AKN-A1,3.1913492672766535,42.55132356368871,6.0,4.7346728333758055,5.0,1,70.28599639706451,>60 min,0.0,19.9,Low potential,car,True,True
EMP0194,Hamburg-Innenstadt,53.53589473080758,9.979377368032987,Hamburg Hauptbahnhof,U1,2.6154257641645002,34.87234352219333,6.0,43.124164424438526,0.0,0,95.99650794663185,>60 min,13.728694290323972,17.6,Low potential,bike,True,True
EMP0195,Norderstedt,53.68459045075011,9.925361889430315,Tanneneck,AKN-A1,2.9929726709198246,39.906302278930994,6.0,8.283068186237388,5.0,1,71.18937046516838,>60 min,0.0,31.4,Low potential,public_transport,True,True
EMP0196,Norderstedt,53.720517598920416,10.008793195728776,Norderstedt Mitte,U1,3.584824731452151,47.797663086028685,6.0,7.296860381756969,0.0,0,73.09452346778565,>60 min,0.0,30.3,Low potential,public_transport,True,True
EMP0197,Alsterdorf,53.58169567979435,10.007008052286169,Alsterdorf,U1,2.3017639882871985,30.690186510495977,6.0,30.680435349657802,0.0,0,79.37062186015378,>60 min,24.92592548867586,22.3,Low potential,car,True,True
EMP0198,Hamburg-Innenstadt,53.56019806353008,10.028437333528514,Hamburg Hauptbahnhof,U1,1.6433306025366041,21.911074700488054,6.0,36.82836545908815,0.0,0,76.7394401595762,>60 min,48.43095994288057,30.9,Low potential,car,True,True
EMP0199,Norderstedt,53.678932979461884,10.060271665698556,Ochsenzoll,U1,4.222177384386672,56.295698458488964,6.0,11.181081555721681,0.0,0,85.47678001421065,>60 min,0.0,11.5,Low potential,car,True,True
EMP0200,Langenhorn (Hamburg),53.68988636311789,9.967303650683002,Friedrichsgabe,AKN-A1,0.8650114077141804,11.533485436189071,6.0,3.392854683598513,5.0,1,37.92634011978758,31-45 min,56.21572889078992,54.6,Medium potential,car,True,True
EMP0201,Kaltenkirchen,53.84450226059946,10.017512298324867,Kaltenkirchen,AKN-A1,3.692964452974551,49.23952603966068,6.0,28.977383730611006,5.0,1,101.21690977027168,>60 min,0.0,35.0,Low potential,public_transport,False,True
EMP0202,Henstedt-Ulzburg,53.79797901219376,9.962688914875043,Henstedt-Ulzburg,AKN-A1,0.9116591599778068,12.155455466370757,6.0,20.262520587904465,5.0,1,55.41797605427522,46-60 min,54.55047763242942,44.5,Low potential,car,True,True
EMP0203,Ohlsdorf,53.63169578174286,10.003485047154426,Fuhlsbüttel Nord,U1,0.5008703133477048,6.678270844636065,6.0,17.119930565089746,0.0,0,41.798201409725806,31-45 min,89.2149922248,62.4,Medium potential,car,True,True
EMP0204,Norderstedt,53.72167129676285,9.988740326307017,Tanneneck,AKN-A1,2.892501529234374,38.56668705645831,6.0,5.262173962305953,5.0,1,66.82886101876426,>60 min,0.0,33.8,Low potential,public_transport,True,True
EMP0205,Norderstedt,53.69186139227039,9.96937020024195,Friedrichsgabe,AKN-A1,0.6283550179740915,8.37806690632122,6.0,3.0766622790162237,5.0,1,34.45472918533744,31-45 min,64.66398913249573,85.1,High potential,public_transport,False,True
EMP0206,Langenhorn (Hamburg),53.66102832369598,9.992313662031929,Ochsenzoll,U1,1.0121917658893755,13.495890211858342,6.0,9.144447767819585,0.0,0,40.64033797967792,31-45 min,70.96162199894931,57.6,Medium potential,car,True,True
EMP0207,Norderstedt,53.69471596448925,9.976799060459422,Friedrichsgabe,AKN-A1,0.5442377183353974,7.256502911138631,6.0,2.179760604172033,5.0,1,32.436263515310664,31-45 min,67.66684419572775,61.1,Medium potential,car,True,True
EMP0208,Quickborn,53.72728852787894,9.911758746476579,Quickborn,AKN-A1,0.698129975432604,9.30839967243472,6.0,11.47079107661286,5.0,1,43.77919074904758,31-45 min,62.173133087531696,79.2,High potential,public_transport,False,True
EMP0209,Norderstedt,53.724141396884455,10.00560062944486,Friedrichsgabe,AKN-A1,3.776927319184378,50.35903092245837,6.0,5.781379554557488,5.0,1,79.14041047701586,>60 min,0.0,15.0,Low potential,car,True,True
EMP0210,Ohlsdorf,53.63213625689262,9.959650493743624,Fuhlsbüttel Nord,U1,2.7898813919389855,37.19841855918648,6.0,17.92863042876852,0.0,0,73.12704898795499,>60 min,7.500903248266411,20.6,Low potential,car,True,True
EMP0211,Quickborn,53.728451897601005,9.920042863291023,Quickborn,AKN-A1,1.026628561546145,13.688380820615267,6.0,10.825721073785559,5.0,1,47.514101894400824,46-60 min,50.44625114038652,47.6,Medium potential,car,True,True
EMP0212,Alsterdorf,53.62513455243733,10.048465402025839,Ohlsdorf,U1,1.9340152243393716,25.786869657858286,6.0,20.658739148406,0.0,0,64.44560880626429,>60 min,38.05397694255382,34.5,Low potential,car,True,True
EMP0213,Norderstedt,53.68075201627378,9.916375766760346,Hasloh,AKN-A1,3.653394649533191,48.711928660442545,6.0,9.466382605613738,5.0,1,81.17831126605628,>60 min,0.0,18.4,Low potential,bike,True,True
EMP0214,Hamburg-Innenstadt,53.563835595026326,9.927994105700328,Hamburg Hauptbahnhof,U1,5.354273646895609,71.39031529194146,6.0,37.11049513839564,0.0,0,126.50081043033711,>60 min,0.0,35.0,Low potential,public_transport,False,True
EMP0215,Quickborn,53.72651542501493,9.921994598295072,Quickborn,AKN-A1,1.2453961198862462,16.60528159848328,6.0,10.424939246186664,5.0,1,50.03022084466994,46-60 min,42.63659399430419,43.9,Low potential,car,True,True
EMP0216,Kaltenkirchen,53.844651976544476,9.947890739344723,Kaltenkirchen,AKN-A1,1.3185892430443868,17.58118990725849,6.0,29.414350308377948,5.0,1,69.99554021563644,>60 min,40.02371481947054,58.1,Medium potential,public_transport,False,False
EMP0217,Norderstedt,53.66770355639808,9.988452423591383,Garstedt,U1,0.7871662546836405,10.49555006244854,6.0,7.414091859601534,0.0,0,35.90964192205007,31-45 min,78.99467820240451,62.6,Medium potential,car,True,True
EMP0218,Norderstedt,53.67879720252188,9.967349123612285,Garstedt,U1,1.7777659367429157,23.703545823238876,6.0,6.2911956569764875,0.0,0,47.99474148021537,46-60 min,43.631830325873565,45.3,Medium potential,car,True,True
EMP0219,Henstedt-Ulzburg,53.78310192140798,9.951633514330755,Henstedt-Ulzburg,AKN-A1,2.221026901091072,29.613692014547627,6.0,17.769998541280348,5.0,1,70.38369055582797,>60 min,7.80811229351675,26.7,Low potential,bike,True,True
EMP0220,Fuhlsbüttel,53.60677558878632,9.95208777892262,Alsterdorf,U1,3.12477642678052,41.663685690406936,6.0,24.84847401427541,0.0,0,84.51215970468235,>60 min,0.0,38.0,Low potential,public_transport,False,False
EMP0221,Langenhorn (Hamburg),53.64102800232915,10.065233059691225,Kiwittsmoor,U1,3.15941636858063,42.125551581075065,6.0,18.318714393817306,0.0,0,78.44426597489237,>60 min,0.0,15.4,Low potential,car,True,True
EMP0222,Ohlsdorf,53.587224431142864,9.982816194813628,Alsterdorf,U1,1.930171887223322,25.735625162977627,6.0,29.205729889088115,0.0,0,72.94135505206575,>60 min,38.19117802209641,55.9,Medium potential,public_transport,False,False
EMP0223,Quickborn,53.77249507302405,9.855824426954351,Quickborn,AKN-A1,5.53220839354378,73.76277858058373,6.0,21.90603191436278,5.0,1,118.66881049494651,>60 min,0.0,9.0,Low potential,car,True,True
EMP0224,Henstedt-Ulzburg,53.79485855430354,10.022628128392128,Henstedt-Ulzburg,AKN-A1,3.0431162711957,40.57488361594267,6.0,19.543289050679796,5.0,1,83.11817266662246,>60 min,0.0,12.8,Low potential,car,True,True
EMP0225,Langenhorn (Hamburg),53.6292844454598,9.96644297005845,Fuhlsbüttel Nord,U1,2.3014714401503813,30.686285868671753,6.0,18.350415940705805,0.0,0,67.03670180937756,>60 min,24.936368996226076,29.2,Low potential,car,True,True
EMP0226,Henstedt-Ulzburg,53.773866469731416,9.96234638282563,Henstedt-Ulzburg,AKN-A1,2.7016305996538565,36.021741328718086,6.0,15.730635373803354,5.0,1,74.75237670252145,>60 min,0.0,43.4,Low potential,public_transport,False,True
EMP0227,Norderstedt,53.69908770159106,10.052480037097645,Norderstedt Mitte,U1,4.316692016954499,57.55589355939332,6.0,9.156946157055067,0.0,0,84.71283971644839,>60 min,0.0,34.9,Low potential,mixed,False,True
EMP0228,Ohlsdorf,53.62686850710503,9.983727499987646,Fuhlsbüttel Nord,U1,1.1537014563181736,15.382686084242312,6.0,18.488564558808616,0.0,0,51.87125064305093,46-60 min,65.90994901104183,68.3,Medium potential,bike,False,False
EMP0229,Quickborn,53.730382747695764,9.938640835532933,Hasloh,AKN-A1,2.079092668126917,27.72123557502556,6.0,9.484714165351262,5.0,1,60.20594974037682,>60 min,12.87494078103407,52.3,Medium potential,mixed,False,True
EMP0230,Norderstedt,53.65363515603197,9.975575527386315,Ochsenzoll,U1,2.1140981742427054,28.187975656569407,6.0,11.598643003501719,0.0,0,57.78661866007113,46-60 min,31.625299366814918,62.3,Medium potential,public_transport,False,False
EMP0231,Norderstedt,53.70325745276241,10.045636311535073,Norderstedt Mitte,U1,4.016188718451858,53.549182912691435,6.0,8.310989124240798,0.0,0,79.86017203693223,>60 min,0.0,33.1,Low potential,bike,False,True
EMP0232,Fuhlsbüttel,53.63790713214344,9.992462259057106,Langenhorn Nord,U1,1.1045405456676878,14.727207275569171,6.0,15.402922025280434,0.0,0,48.1301293008496,46-60 min,67.66491606412113,78.4,High potential,public_transport,False,True
EMP0233,Henstedt-Ulzburg,53.83351918561733,10.054359049611202,Kaltenkirchen,AKN-A1,6.018272836120374,80.24363781493832,6.0,27.5722433640985,5.0,1,130.8158811790368,>60 min,0.0,27.5,Low potential,bike,False,True
EMP0234,Alsterdorf,53.61893347624711,10.10502840325149,Ohlsdorf,U1,5.597521979062584,74.63362638750112,6.0,26.999239804024025,0.0,0,119.63286619152515,>60 min,0.0,32.0,Low potential,mixed,False,True
EMP0235,Henstedt-Ulzburg,53.747986251882196,9.970159055759954,Quickborn,AKN-A1,4.547047375846565,60.62729834462087,6.0,10.681615630400294,5.0,1,94.30891397502117,>60 min,0.0,21.0,Low potential,public_transport,True,True
EMP0236,Hamburg-Innenstadt,53.59245643783176,10.026378390676479,Alsterdorf,U1,2.101309021860439,28.01745362480585,6.0,28.141251870560225,0.0,0,74.15870549536608,>60 min,32.08185195647828,50.4,Medium potential,mixed,False,True
EMP0237,Fuhlsbüttel,53.65943935537492,10.03151414413918,Ochsenzoll,U1,1.6363474126060429,21.817965501413905,6.0,11.136774177638225,0.0,0,50.95473967905213,46-60 min,48.680248820799456,63.7,Medium potential,bike,False,True
EMP0238,Kaltenkirchen,53.819522688713285,9.976437040841084,Kaltenkirchen,AKN-A1,2.109314714175483,28.12419618900644,6.0,24.160098309888383,5.0,1,75.28429449889482,>60 min,11.796061354471718,20.7,Low potential,car,True,True
EMP0239,Norderstedt,53.67676551086446,9.940220409593762,Friedrichsgabe,AKN-A1,3.02671864153941,40.3562485538588,6.0,7.234603282080981,5.0,1,70.59085183593979,>60 min,0.0,31.7,Low potential,public_transport,True,True
EMP0240,Norderstedt,53.714751636503,10.004535770832979,Norderstedt Mitte,U1,2.885538012903256,38.47384017204342,6.0,5.608586629838622,0.0,0,62.082426801882036,>60 min,4.086112594881087,25.6,Low potential,car,True,True
EMP0241,Hamburg-Innenstadt,53.5465292355028,9.97930609758982,Hamburg Hauptbahnhof,U1,1.951763085671813,26.023507808957504,6.0,40.24841096338227,0.0,0,84.27191877233977,>60 min,37.420406256231566,46.4,Medium potential,mixed,False,True
EMP0242,Kaltenkirchen,53.806612422696595,9.938401116994092,Henstedt-Ulzburg,AKN-A1,2.727966031675963,36.37288042234617,6.0,22.54321794448429,5.0,1,81.91609836683045,>60 min,0.0,25.5,Low potential,public_transport,True,True
EMP0243,Langenhorn (Hamburg),53.649657911974565,9.930170758407753,Garstedt,U1,4.969286195938417,66.25714927917889,6.0,16.137530781779105,0.0,0,100.394680060958,>60 min,0.0,35.0,Low potential,public_transport,False,True
EMP0244,Ohlsdorf,53.6382671867664,10.024481195422297,Kiwittsmoor,U1,1.0047304768864946,13.396406358486596,6.0,15.969222158107744,0.0,0,47.36562851659434,46-60 min,71.22797826046477,79.9,High potential,public_transport,False,True
EMP0245,Alsterdorf,53.60549562809398,9.976135159771925,Alsterdorf,U1,1.5444895528334743,20.593194037779657,6.0,24.385377126807818,0.0,0,62.97857116458748,>60 min,51.95942968490827,65.5,Medium potential,public_transport,False,True
EMP0246,Hamburg-Innenstadt,53.55956946778429,10.007990076896977,Hamburg Hauptbahnhof,U1,0.7561674741321506,10.082232988428673,6.0,36.67702871941428,0.0,0,64.75926170784295,>60 min,80.10128582691081,47.0,Medium potential,car,True,True
EMP0247,Alsterdorf,53.586030552747125,10.052879272454021,Alsterdorf,U1,3.9823679402176864,53.098239202902484,6.0,30.843782687987684,0.0,0,101.94202189089017,>60 min,0.0,9.0,Low potential,car,True,True
EMP0248,Fuhlsbüttel,53.621685147787396,10.028691285000486,Ohlsdorf,U1,0.5753163305312254,7.6708844070830065,6.0,20.478669105474854,0.0,0,46.14955351255786,46-60 min,86.55738670730003,77.7,High potential,bike,False,False
EMP0249,Langenhorn (Hamburg),53.642659803966545,9.939853074959718,Fuhlsbüttel Nord,U1,4.386143412972254,58.48191217296339,6.0,16.731558619858454,0.0,0,93.21347079282185,>60 min,0.0,35.0,Low potential,public_transport,False,True
EMP0250,Fuhlsbüttel,53.575055408915325,10.00383737655322,Hamburg Hauptbahnhof,U1,2.482943760456184,33.10591680608245,6.0,32.453309896922796,0.0,0,83.55922670300524,>60 min,18.458093086188786,41.1,Low potential,mixed,False,False
EMP0251,Quickborn,53.72710684436537,9.875633178930553,Quickborn,AKN-A1,2.0951880037955655,27.93584005060754,6.0,15.07422960547548,5.0,1,66.01006965608302,>60 min,12.300362657216276,51.9,Medium potential,public_transport,False,True
EMP0252,Hamburg-Innenstadt,53.517652804524154,9.950975929160789,Hamburg Hauptbahnhof,U1,5.378947437828525,71.719299171047,6.0,48.52730158245614,0.0,0,138.24660075350315,>60 min,0.0,35.0,Low potential,public_transport,False,True
EMP0253,Fuhlsbüttel,53.59302178237364,10.029467081062137,Alsterdorf,U1,2.252747600416588,30.036634672221176,6.0,28.0814416114905,0.0,0,76.11807628371167,>60 min,26.675733306221396,24.7,Low potential,car,True,True
EMP0254,Langenhorn (Hamburg),53.62653811023133,10.011706128082027,Fuhlsbüttel Nord,U1,0.699404273780716,9.325390317076213,6.0,18.648062312473243,0.0,0,45.973452629549456,46-60 min,82.12764264426815,62.5,Medium potential,bike,True,True
EMP0255,Langenhorn (Hamburg),53.69554314528971,10.011774803579996,Norderstedt Mitte,U1,1.6280029586456255,21.706706115275004,6.0,2.5577648773091766,0.0,0,42.26447099258418,31-45 min,48.978132679798414,50.1,Medium potential,car,True,True
EMP0256,Kaltenkirchen,53.80523044297526,9.963091324280667,Henstedt-Ulzburg,AKN-A1,1.289805563488194,17.197407513175918,6.0,21.629085670561842,5.0,1,61.82649318373776,>60 min,41.051246828522366,62.9,Medium potential,public_transport,False,True
EMP0257,Hamburg-Innenstadt,53.577911116290394,10.044068355601201,Hamburg Hauptbahnhof,U1,3.7177276260477163,49.569701680636214,6.0,32.586933698638276,0.0,0,100.15663537927449,>60 min,0.0,9.0,Low potential,car,True,True
EMP0258,Norderstedt,53.63497521835809,9.994348045529666,Fuhlsbüttel Nord,U1,0.9558413714092788,12.744551618790384,6.0,16.189604365083472,0.0,0,46.93415598387385,46-60 min,72.9732422971102,66.7,Medium potential,public_transport,True,True
EMP0259,Norderstedt,53.67118455461477,9.949146722556897,Garstedt,U1,2.921169779016878,38.94893038689171,6.0,9.84617928452321,0.0,0,66.79510967141492,>60 min,2.814114685464486,48.7,Medium potential,public_transport,False,True
EMP0260,Alsterdorf,53.58384851309515,10.007652042319972,Alsterdorf,U1,2.0817136136418988,27.756181515225318,6.0,30.1042547454134,0.0,0,75.86043626063872,>60 min,32.78137715566898,26.6,Low potential,car,True,True
EMP0261,Norderstedt,53.65091648308031,9.988947070437,Ochsenzoll,U1,1.4158298216500158,18.877730955333544,6.0,11.91939235481715,0.0,0,48.797123310150695,46-60 min,56.552379373947005,60.7,Medium potential,public_transport,True,True
EMP0262,Hamburg-Innenstadt,53.533971422340734,10.040921976204427,Hamburg Hauptbahnhof,U1,3.071914526490174,40.95886035320232,6.0,44.16088433516707,0.0,0,103.1197446883694,>60 min,0.0,21.0,Low potential,public_transport,True,True
EMP0263,Langenhorn (Hamburg),53.689606495542165,10.006130989052343,Norderstedt Mitte,U1,1.166146956816358,15.548626090884772,6.0,2.1451980613594768,0.0,0,35.69382415224425,31-45 min,65.4656642521878,84.6,High potential,public_transport,False,True
EMP0264,Norderstedt,53.670291228235044,10.028316849937967,Ochsenzoll,U1,1.9691704922509103,26.25560656334547,6.0,8.417014223937983,0.0,0,52.67262078728345,46-60 min,36.798989268188656,40.7,Low potential,car,True,True
EMP0265,Henstedt-Ulzburg,53.81169948926944,10.034755338305867,Henstedt-Ulzburg,AKN-A1,4.179193425266739,55.72257900355652,6.0,22.98088057846444,5.0,1,101.70345958202095,>60 min,0.0,9.0,Low potential,car,True,True
EMP0266,Norderstedt,53.694478060835785,9.969884930753931,Friedrichsgabe,AKN-A1,0.3361101522670059,4.481468696893413,6.0,2.9691006875235333,5.0,1,30.450569384416944,31-45 min,75.09667038191137,64.4,Medium potential,car,True,True
EMP0267,Langenhorn (Hamburg),53.67498668206206,10.056737132651595,Ochsenzoll,U1,3.793587918698654,50.58117224931539,6.0,11.131478637049943,0.0,0,79.71265088636532,>60 min,0.0,26.7,Low potential,public_transport,True,True
EMP0268,Norderstedt,53.68486336429167,9.917848020284534,Hasloh,AKN-A1,3.1861368088622966,42.481824118163956,6.0,9.107681272510941,5.0,1,74.5895053906749,>60 min,0.0,43.5,Low potential,public_transport,False,True
EMP0269,Norderstedt,53.68319329799667,9.981532016783127,Norderstedt Mitte,U1,0.9427781849126542,12.57037579883539,6.0,3.878731299284687,0.0,0,34.44910709812008,31-45 min,73.4395774728924,61.7,Medium potential,car,True,True
EMP0270,Norderstedt,53.68531475514909,9.947877308113538,Friedrichsgabe,AKN-A1,1.9893656843932461,26.52487579190995,6.0,5.771647381753793,5.0,1,55.29652317366374,46-60 min,16.07805272792838,33.0,Low potential,car,True,True
EMP0271,Norderstedt,53.69348081623018,9.969179430573435,Friedrichsgabe,AKN-A1,0.4501667783263774,6.002223711018365,6.0,3.0583795954381765,5.0,1,32.06060330645654,31-45 min,71.02502853738412,62.3,Medium potential,car,True,True
EMP0272,Norderstedt,53.66618522428056,9.979096896924775,Garstedt,U1,1.2873917768819167,17.16522369175889,6.0,8.185797937283297,0.0,0,43.35102162904219,31-45 min,61.13741520724296,53.1,Medium potential,car,True,True
EMP0273,Norderstedt,53.70482003695718,9.9173273523322,Hasloh,AKN-A1,1.1102193883063582,14.80292517741811,6.0,9.175189368032974,5.0,1,46.978114545451085,46-60 min,47.46219032941406,59.0,Medium potential,public_transport,True,True
EMP0274,Alsterdorf,53.59109048250219,9.99265913686627,Alsterdorf,U1,1.2557979135442427,16.743972180589903,6.0,28.086944757020497,0.0,0,62.8309169376104,>60 min,62.26526634961312,68.7,Medium potential,public_transport,False,True
EMP0275,Quickborn,53.685360113567334,9.930195084998887,Tanneneck,AKN-A1,2.726930839129741,36.35907785506321,6.0,7.711978475052476,5.0,1,67.07105633011568,>60 min,0.0,44.7,Low potential,mixed,False,False
EMP0276,Fuhlsbüttel,53.61263791164874,10.014440337511264,Ohlsdorf,U1,0.9532036280845637,12.709381707794183,6.0,22.440452412934647,0.0,0,53.149834120728826,46-60 min,73.06740557781642,63.3,Medium potential,public_transport,True,True
EMP0277,Langenhorn (Hamburg),53.62866012617547,9.90903687217785,Fuhlsbüttel Nord,U1,6.078986585322841,81.05315447097122,6.0,22.693698301531278,0.0,0,121.7468527725025,>60 min,0.0,9.0,Low potential,car,True,True
EMP0278,Ohlsdorf,53.63013212729068,10.012100980310587,Fuhlsbüttel Nord,U1,0.7803765864897928,10.405021153197238,6.0,17.6927114786169,0.0,0,46.09773263181414,46-60 min,79.23705865923247,57.0,Medium potential,car,True,True
EMP0279,Hamburg-Innenstadt,53.53847040170973,10.03007804206034,Hamburg Hauptbahnhof,U1,2.2099722214095707,29.466296285460945,6.0,42.69921288126822,0.0,0,90.16550916672915,>60 min,28.2027469405702,17.5,Low potential,car,True,True
EMP0280,Hamburg-Innenstadt,53.55059892353943,9.936275701336937,Hamburg Hauptbahnhof,U1,4.6719047242605285,62.29206299014039,6.0,40.21575027412653,0.0,0,120.5078132642669,>60 min,0.0,35.0,Low potential,public_transport,False,False
EMP0281,Norderstedt,53.70382490924291,9.92075017264707,Hasloh,AKN-A1,1.1000260767167183,14.66701435622291,6.0,8.753506568455395,5.0,1,46.42052092467831,46-60 min,47.8260754927458,73.4,High potential,public_transport,False,True
EMP0282,Norderstedt,53.69757202562288,10.000534893643463,Norderstedt Mitte,U1,1.1085341163062168,14.780454884082891,6.0,1.076638582164073,0.0,0,33.857093466246965,31-45 min,67.52235188453155,64.8,Medium potential,bike,True,True
EMP0283,Langenhorn (Hamburg),53.66865719198868,10.025644808686954,Ochsenzoll,U1,1.716361457251272,22.884819430016957,6.0,8.52191907695212,0.0,0,49.40673850696908,46-60 min,45.82387349581134,63.7,Medium potential,bike,False,False
EMP0284,Langenhorn (Hamburg),53.66380600021392,10.069931975715406,Kiwittsmoor,U1,3.914713562914835,52.19618083886447,6.0,14.538398961563038,0.0,0,84.73457980042751,>60 min,0.0,37.9,Low potential,public_transport,False,True
EMP0285,Alsterdorf,53.61542059602009,10.014819862346263,Ohlsdorf,U1,0.667030113952247,8.893734852696626,6.0,21.70158161666428,0.0,0,48.59531646936091,46-60 min,83.28334914193705,56.9,Medium potential,car,True,True
EMP0286,Fuhlsbüttel,53.618838538569925,10.041390121254778,Ohlsdorf,U1,1.409742427407022,18.796565698760293,6.0,21.82102788174757,0.0,0,58.61759358050786,46-60 min,56.76968975722105,43.4,Low potential,car,True,True
EMP0287,Norderstedt,53.701434536998896,9.96231895655657,Tanneneck,AKN-A1,0.6239207469534912,8.318943292713216,6.0,4.045763095863306,5.0,1,35.36470638857652,31-45 min,64.8222856213648,67.6,Medium potential,mixed,True,True
EMP0288,Langenhorn (Hamburg),53.65936724378838,9.967746263696144,Garstedt,U1,2.352090856795419,31.36121142393892,6.0,10.589606106031997,0.0,0,59.95081752997092,46-60 min,23.12933557713994,32.5,Low potential,car,True,True
EMP0289,Ohlsdorf,53.63593381720183,10.00970936353018,Langenhorn Nord,U1,0.3992900921119395,5.3238678948258595,6.0,16.081510535212846,0.0,0,39.40537843003871,31-45 min,92.84124607474803,83.3,High potential,bike,False,True
EMP0290,Norderstedt,53.69557608109929,9.884652707250257,Hasloh,AKN-A1,3.3945975395758996,45.261300527678664,6.0,12.69629542485562,5.0,1,80.95759595253429,>60 min,0.0,32.5,Low potential,bike,False,False
EMP0291,Hamburg-Innenstadt,53.515899902131984,10.02513194976084,Hamburg Hauptbahnhof,U1,4.276366600802233,57.018221344029776,6.0,48.68910139254148,0.0,0,123.70732273657126,>60 min,0.0,35.0,Low potential,public_transport,False,False
EMP0292,Norderstedt,53.73473498429574,10.012050698860518,Friedrichsgabe,AKN-A1,4.979887268339472,66.39849691119296,6.0,7.933128235642504,5.0,1,97.33162514683546,>60 min,0.0,9.0,Low potential,car,True,True
EMP0293,Henstedt-Ulzburg,53.814108726367586,9.980320816474245,Henstedt-Ulzburg,AKN-A1,1.9528105065802377,26.037473421069837,6.0,23.082988637124704,5.0,1,72.12046205819453,>60 min,17.383014980100405,24.1,Low potential,car,True,True
EMP0294,Norderstedt,53.686938419570886,9.992559290717864,Norderstedt Mitte,U1,0.487047154146138,6.49396205528184,6.0,2.1709333731238907,0.0,0,26.664895428405732,<=30 min,89.70845722874782,75.4,High potential,bike,True,True
EMP0295,Hamburg-Innenstadt,53.556252478129025,10.00904804170231,Hamburg Hauptbahnhof,U1,0.4092815122069082,5.457086829425443,6.0,37.584009520291936,0.0,0,61.04109634971738,>60 min,92.48456811967904,78.7,High potential,public_transport,False,True
EMP0296,Henstedt-Ulzburg,53.76410723409987,10.003407518277804,Henstedt-Ulzburg,AKN-A1,4.035253942463343,53.803385899511234,6.0,13.404782459990031,5.0,1,90.20816835950126,>60 min,0.0,27.5,Low potential,bike,False,True
EMP0297,Henstedt-Ulzburg,53.83350886510261,9.939078232134541,Kaltenkirchen,AKN-A1,1.5964948363648603,21.28659781819814,6.0,27.52584698763002,5.0,1,71.81244480582816,>60 min,30.102923001529163,46.6,Medium potential,bike,False,True
EMP0298,Hamburg-Innenstadt,53.572889780921734,9.932844225188346,Hamburg Hauptbahnhof,U1,5.376895973952131,71.69194631936173,6.0,34.53542141093793,0.0,0,124.22736773029966,>60 min,0.0,21.0,Low potential,public_transport,True,True
EMP0299,Kaltenkirchen,53.83384832301625,9.939311367549294,Kaltenkirchen,AKN-A1,1.5735386836498069,20.980515781997426,6.0,27.58321621482012,5.0,1,71.56373199681755,>60 min,30.922421484110217,54.5,Medium potential,public_transport,False,True
EMP0300,Quickborn,53.71246019477523,9.90569494886376,Hasloh,AKN-A1,1.4033492116184092,18.71132282157879,6.0,10.84616522335822,5.0,1,52.55748804493701,46-60 min,36.997917487826186,66.8,Medium potential,public_transport,False,True
EMP0301,Kaltenkirchen,53.83926508713489,10.024027808103188,Kaltenkirchen,AKN-A1,4.027449313725973,53.699324183012976,6.0,28.046857293309106,5.0,1,104.74618147632208,>60 min,0.0,21.0,Low potential,public_transport,True,True
EMP0302,Norderstedt,53.68198371129877,9.95504853881478,Friedrichsgabe,AKN-A1,1.9864489490695099,26.485985987593466,6.0,5.267512728549653,5.0,1,54.75349871614312,46-60 min,16.182175583424325,33.3,Low potential,car,True,True
EMP0303,Ohlsdorf,53.59007231761056,10.046032156450714,Alsterdorf,U1,3.384816498950978,45.130886652679706,6.0,29.479915315619042,0.0,0,92.61080196829874,>60 min,0.0,13.5,Low potential,bike,True,True
EMP0304,Ohlsdorf,53.62915585934676,10.035406204302745,Ohlsdorf,U1,1.389958222687127,18.532776302495026,6.0,18.863994966508365,0.0,0,55.396771269003395,46-60 min,57.475954694045384,59.4,Medium potential,car,False,True
EMP0305,Hamburg-Innenstadt,53.557697608637326,9.992778887061666,Hamburg Hauptbahnhof,U1,1.0801121051585154,14.401494735446873,6.0,37.136244115597584,0.0,0,69.53773885104445,>60 min,68.53697290123917,66.9,Medium potential,public_transport,False,True
EMP0306,Fuhlsbüttel,53.62220205794471,10.00679046094368,Fuhlsbüttel Nord,U1,0.6855552068335785,9.14073609111438,6.0,19.727399125644883,0.0,0,46.86813521675926,46-60 min,82.622032513913,69.6,Medium potential,public_transport,True,True
EMP0307,Fuhlsbüttel,53.63226894421128,9.982289840217511,Fuhlsbüttel Nord,U1,1.3593756953242886,18.125009270990514,6.0,17.061774700838615,0.0,0,53.18678397182913,46-60 min,58.56770273555867,72.9,High potential,public_transport,False,True
EMP0308,Quickborn,53.726674922872604,9.853696177568127,Quickborn,AKN-A1,3.5096529842586497,46.79537312344866,6.0,17.3530335277218,5.0,1,87.14840665117046,>60 min,0.0,36.6,Low potential,public_transport,False,True
EMP0309,Langenhorn (Hamburg),53.67754561412261,9.996168003454738,Garstedt,U1,0.4202536301581361,5.603381735441815,6.0,4.649689574414909,0.0,0,28.253071309856722,<=30 min,92.09288079631342,70.7,High potential,car,True,True
EMP0310,Norderstedt,53.67192865810006,9.9321157791265,Friedrichsgabe,AKN-A1,3.7827124270955843,50.43616569460779,6.0,8.50140187219054,5.0,1,81.93756756679832,>60 min,0.0,39.5,Low potential,public_transport,False,False
EMP0311,Fuhlsbüttel,53.624378686242736,10.008555947509711,Fuhlsbüttel Nord,U1,0.5900634757507808,7.86751301001041,6.0,19.167834858150577,0.0,0,45.03534786816098,46-60 min,86.0309368583276,71.6,High potential,public_transport,True,True
EMP0312,Fuhlsbüttel,53.655033775012235,9.88448994723275,Hasloh,AKN-A1,7.027245135939227,93.69660181252303,6.0,14.840619577675346,5.0,1,131.53722139019837,>60 min,0.0,35.0,Low potential,public_transport,False,True
EMP0313,Langenhorn (Hamburg),53.663710160875254,9.981991397432358,Garstedt,U1,1.3804922563701822,18.406563418269098,6.0,8.691141852193248,0.0,0,45.09770527046234,46-60 min,57.813874777135474,65.1,Medium potential,car,False,True
EMP0314,Langenhorn (Hamburg),53.66606698730415,9.976616382956593,Garstedt,U1,1.418207426812136,18.90943235749515,6.0,8.355269218728683,0.0,0,45.26470157622383,46-60 min,56.46750261577591,50.6,Medium potential,car,True,True
EMP0315,Langenhorn (Hamburg),53.66374473611199,9.998202602948663,Ochsenzoll,U1,0.8537867387343693,11.383823183124925,6.0,8.398192315814747,0.0,0,37.78201549893967,31-45 min,76.61643188796062,69.8,Medium potential,mixed,True,True
EMP0316,Langenhorn (Hamburg),53.65707548216221,10.06484199439199,Kiwittsmoor,U1,3.2911638051767764,43.88218406902369,6.0,15.050157177710679,0.0,0,76.93234124673437,>60 min,0.0,16.2,Low potential,car,True,True
EMP0317,Langenhorn (Hamburg),53.60922857815959,10.08041754480191,Ohlsdorf,U1,4.165114991457982,55.534866552773096,6.0,26.851411541157415,0.0,0,100.38627809393051,>60 min,0.0,32.0,Low potential,mixed,False,False
EMP0318,Quickborn,53.717152867653674,9.894061262089826,Quickborn,AKN-A1,1.891458355002865,25.21944473337153,6.0,12.39828546018796,5.0,1,60.617730193559495,>60 min,19.57319012594572,35.6,Low potential,bike,True,True
EMP0319,Langenhorn (Hamburg),53.65128335759934,9.997834885172585,Ochsenzoll,U1,0.9522819167973235,12.697092223964313,6.0,11.771660410892743,0.0,0,42.468752634857054,31-45 min,73.10030921853736,57.2,Medium potential,car,True,True
EMP0320,Henstedt-Ulzburg,53.80572095231859,9.934155176111501,Henstedt-Ulzburg,AKN-A1,2.9500156071659243,39.33354142887899,6.0,22.52534054371184,5.0,1,84.85888197259084,>60 min,0.0,23.8,Low potential,public_transport,True,True
EMP0321,Henstedt-Ulzburg,53.80517250015367,9.984223733800633,Henstedt-Ulzburg,AKN-A1,1.0730962285771266,14.307949714361689,6.0,21.333807145888137,5.0,1,58.64175686024983,46-60 min,48.787428641092035,53.0,Medium potential,public_transport,True,True
EMP0322,Ohlsdorf,53.614884239651566,10.034501394786808,Ohlsdorf,U1,1.1312470520466453,15.083294027288604,6.0,22.50417913674567,0.0,0,55.58747316403427,46-60 min,66.71153586473584,48.0,Medium potential,car,True,True
EMP0323,Langenhorn (Hamburg),53.63687315407997,10.082989023290644,Kiwittsmoor,U1,4.4030069492990265,58.706759323987015,6.0,21.0058420193223,0.0,0,97.71260134330932,>60 min,0.0,35.0,Low potential,public_transport,False,True
EMP0324,Ohlsdorf,53.61082634777647,10.03806255734691,Ohlsdorf,U1,1.5953908800516734,21.27187840068898,6.0,23.720438620608043,0.0,0,62.992317021297026,>60 min,50.14233250253406,51.0,Medium potential,public_transport,True,True
EMP0325,Hamburg-Innenstadt,53.5153140188248,10.007519489270313,Hamburg Hauptbahnhof,U1,4.168457742114996,55.579436561533285,6.0,48.656314755866404,0.0,0,122.23575131739969,>60 min,0.0,27.5,Low potential,bike,False,True
EMP0326,Quickborn,53.76371954039139,9.920010658644445,Quickborn,AKN-A1,3.5791875335782164,47.72250044770955,6.0,15.869470439520233,5.0,1,86.59197088722978,>60 min,0.0,22.9,Low potential,public_transport,True,True
EMP0327,Hamburg-Innenstadt,53.54831150237996,10.0147807934812,Hamburg Hauptbahnhof,U1,0.72121407238921,9.616187631856132,6.0,39.792772185607895,0.0,0,67.40895981746402,>60 min,81.34906719711412,54.9,Medium potential,mixed,True,True
EMP0328,Ohlsdorf,53.64130710832026,10.04589669423325,Kiwittsmoor,U1,1.9148113517007932,25.53081802267724,6.0,16.549341654683882,0.0,0,60.080159677361124,>60 min,38.739524938437064,37.1,Low potential,car,True,True
EMP0329,Quickborn,53.72888518523882,9.929437707569123,Quickborn,AKN-A1,1.5897756786624673,21.197009048832896,6.0,10.04443160061356,5.0,1,54.24144064944646,46-60 min,30.342786344907395,49.9,Medium potential,public_transport,True,True
EMP0330,Langenhorn (Hamburg),53.620574753206306,10.011951845155354,Ohlsdorf,U1,0.5440555056709798,7.254073408946398,6.0,20.25551583216613,0.0,0,45.50958924111252,46-60 min,87.6733489007561,64.4,Medium potential,bike,True,True
EMP0331,Kaltenkirchen,53.81405031913383,9.97608005157559,Henstedt-Ulzburg,AKN-A1,1.9293845157868148,25.725126877157532,6.0,23.113973558937438,5.0,1,71.83910043609497,>60 min,18.219285941809886,24.5,Low potential,car,True,True
EMP0332,Norderstedt,53.66565084075275,10.013989054454624,Ochsenzoll,U1,0.9737152820276576,12.982870427035435,6.0,8.391870207133408,0.0,0,39.374740634168845,31-45 min,72.33517184988123,58.7,Medium potential,car,True,True
EMP0333,Quickborn,53.76161901462428,9.900732104151142,Quickborn,AKN-A1,3.2460192935263166,43.28025724701756,6.0,16.855689608346236,5.0,1,83.1359468553638,>60 min,0.0,12.8,Low potential,car,True,True
EMP0334,Hamburg-Innenstadt,53.56781236267972,10.000419971997951,Hamburg Hauptbahnhof,U1,1.723293111267586,22.977241483567813,6.0,34.3990440060801,0.0,0,75.37628548964791,>60 min,45.576424368831916,35.2,Low potential,bike,True,True
EMP0335,Norderstedt,53.66087135613511,9.995487175214906,Ochsenzoll,U1,0.8109281755709241,10.812375674278988,6.0,9.169087780191209,0.0,0,37.9814634544702,31-45 min,78.14641506563026,61.2,Medium potential,car,True,True
EMP0336,Alsterdorf,53.58167691064411,10.000750146043096,Alsterdorf,U1,2.2416757422189124,29.889009896252166,6.0,30.643466080446352,0.0,0,78.53247597669852,>60 min,27.070981199236055,42.0,Low potential,bike,False,True
EMP0337,Norderstedt,53.66888204249479,10.072819715417799,Kiwittsmoor,U1,4.375846141369999,58.34461521826666,6.0,14.192724953138063,0.0,0,90.53734017140472,>60 min,0.0,23.0,Low potential,car,False,True
EMP0338,Kaltenkirchen,53.83249876894878,9.953879211070452,Kaltenkirchen,AKN-A1,0.7489251717509056,9.98566895667874,6.0,26.987116378849457,5.0,1,59.9727853355282,46-60 min,60.359824611065676,43.7,Low potential,car,True,True
EMP0339,Norderstedt,53.687308099512336,9.998181421454596,Norderstedt Mitte,U1,0.7351019090529245,9.801358787372326,6.0,2.0366694489156743,0.0,0,29.838028236288,<=30 min,80.85329330967241,66.5,Medium potential,car,True,True
EMP0340,Henstedt-Ulzburg,53.783931130338416,10.004383096509267,Henstedt-Ulzburg,AKN-A1,2.322649650684837,30.96866200913116,6.0,17.22540874234397,5.0,1,71.19407075147514,>60 min,4.180340248195154,20.6,Low potential,car,True,True
EMP0341,Norderstedt,53.69642916956076,9.99694587201695,Norderstedt Mitte,U1,0.8540158457014042,11.38687794268539,6.0,0.4978164534752382,0.0,0,29.884694396160626,<=30 min,76.60825313021473,69.7,Medium potential,bike,True,True
EMP0342,Henstedt-Ulzburg,53.778407518959035,9.968234555332828,Henstedt-Ulzburg,AKN-A1,2.1035738585472625,28.047651447296836,6.0,16.43902842766602,5.0,1,67.48667987496286,>60 min,12.00100085519906,25.0,Low potential,car,True,True
EMP0343,Hamburg-Innenstadt,53.508802955721485,10.00474057245989,Hamburg Hauptbahnhof,U1,4.894336292960297,65.25781723947063,6.0,50.405222525260506,0.0,0,133.66303976473114,>60 min,0.0,13.5,Low potential,bike,True,True
EMP0344,Alsterdorf,53.61305387947342,10.002590258591933,Alsterdorf,U1,1.2774245768275774,17.032327691034364,6.0,22.15528189565842,0.0,0,57.18760958669279,46-60 min,61.49322854502219,45.6,Medium potential,car,True,True
EMP0345,Kaltenkirchen,53.84474993324636,10.007752850140493,Kaltenkirchen,AKN-A1,3.0821376417603594,41.09516855680479,6.0,28.95184640729291,5.0,1,93.0470149640977,>60 min,0.0,18.0,Low potential,mixed,True,True
EMP0346,Kaltenkirchen,53.84582321429426,9.879361377339094,Kaltenkirchen,AKN-A1,5.56742843944306,74.23237919257413,6.0,32.00977909439333,5.0,1,129.24215828696745,>60 min,0.0,27.5,Low potential,bike,False,True
EMP0347,Henstedt-Ulzburg,53.77858358497658,9.91766340580104,Henstedt-Ulzburg,AKN-A1,4.352717581903861,58.03623442538481,6.0,18.464667576035573,5.0,1,99.50090200142037,>60 min,0.0,35.0,Low potential,public_transport,False,True
EMP0348,Langenhorn (Hamburg),53.68727875268696,10.077237253583503,Ochsenzoll,U1,5.66808998005807,75.57453306744094,6.0,13.208070437718284,0.0,0,106.78260350515922,>60 min,0.0,35.0,Low potential,public_transport,False,True
EMP0349,Alsterdorf,53.575232533133374,9.98290101637163,Hamburg Hauptbahnhof,U1,2.9553280947567813,39.40437459675708,6.0,32.447540573406336,0.0,0,89.85191517016341,>60 min,1.5947166328448503,9.6,Low potential,car,True,True
EMP0350,Norderstedt,53.69005184816559,9.975851075703378,Norderstedt Mitte,U1,0.835084189529394,11.13445586039192,6.0,3.455441386991596,0.0,0,32.58989724738352,31-45 min,77.2840834271414,89.9,High potential,public_transport,False,False
EMP0351,Alsterdorf,53.59860386071084,9.945332356466261,Alsterdorf,U1,3.5393492088832725,47.1913227851103,6.0,27.283372868702177,0.0,0,92.47469565381247,>60 min,0.0,21.0,Low potential,public_transport,True,True
EMP0352,Norderstedt,53.6716582144723,10.013265191695561,Garstedt,U1,1.351601173513289,18.021348980177187,6.0,6.839054529708364,0.0,0,42.86040350988555,31-45 min,58.84524091479939,78.7,High potential,public_transport,False,False
EMP0353,Alsterdorf,53.605669544021936,9.939809065145203,Alsterdorf,U1,3.9093408088908865,52.12454411854515,6.0,25.758178071371397,0.0,0,95.88272218991655,>60 min,0.0,9.0,Low potential,car,True,True
EMP0354,Alsterdorf,53.65827049876259,10.023195026887372,Ochsenzoll,U1,1.0807593333632675,14.410124444843566,6.0,10.802536271401832,0.0,0,43.2126607162454,31-45 min,68.51386787409191,55.4,Medium potential,car,True,True
EMP0355,Fuhlsbüttel,53.61617438500718,10.01034279441468,Ohlsdorf,U1,0.8087279407185421,10.783039209580561,6.0,21.409489449043228,0.0,0,50.192528658623786,46-60 min,78.22495998320554,54.5,Medium potential,car,True,True
EMP0356,Ohlsdorf,53.65501699348365,9.942453960786796,Garstedt,U1,3.9658580057341233,52.87810674312165,6.0,13.75921611385523,0.0,0,84.63732285697688,>60 min,0.0,24.0,Low potential,public_transport,True,True
EMP0357,Kaltenkirchen,53.86685225495771,9.885334478773409,Kaltenkirchen,AKN-A1,6.087559643582829,81.16746191443772,6.0,35.48918832733168,5.0,1,139.6566502417694,>60 min,0.0,35.0,Low potential,public_transport,False,False
EMP0358,Kaltenkirchen,53.86066082955401,9.992572113715402,Kaltenkirchen,AKN-A1,3.303422102600773,44.04562803467697,6.0,31.98922692662755,5.0,1,99.03485496130452,>60 min,0.0,21.0,Low potential,public_transport,True,True
EMP0359,Ohlsdorf,53.662113739968476,10.00866106056363,Ochsenzoll,U1,0.4735796181211162,6.31439490828155,6.0,9.066602747298985,0.0,0,33.380997655580536,31-45 min,90.18922704560714,90.3,High potential,mixed,False,False
EMP0360,Alsterdorf,53.572179377127924,9.987897374799246,Hamburg Hauptbahnhof,U1,2.4937116404177875,33.24948853890383,6.0,33.23264141325535,0.0,0,84.48212995215918,>60 min,18.07369673725866,43.5,Low potential,public_transport,False,True
EMP0361,Henstedt-Ulzburg,53.79209573415134,9.914847712138815,Henstedt-Ulzburg,AKN-A1,4.0751174267856,54.334899023808006,6.0,20.922206116447004,5.0,1,98.257105140255,>60 min,0.0,23.0,Low potential,car,False,False
EMP0362,Norderstedt,53.70917442711756,10.005974443372553,Norderstedt Mitte,U1,2.3641209505796383,31.521612674395175,6.0,4.243086684256793,0.0,0,53.76469935865197,46-60 min,22.699880183466302,61.8,Medium potential,public_transport,False,False
EMP0363,Norderstedt,53.70555343856533,10.02980801451501,Norderstedt Mitte,U1,3.187444434710411,42.49925912947215,6.0,6.185131407051648,0.0,0,66.68439053652381,>60 min,0.0,47.9,Medium potential,public_transport,False,True
EMP0364,Norderstedt,53.6853043174004,9.962372043453906,Friedrichsgabe,AKN-A1,1.4461171952879672,19.281562603839564,6.0,4.2334374635852985,5.0,1,46.515000067424864,46-60 min,35.47116785537269,43.7,Low potential,car,True,True
EMP0365,Quickborn,53.73398974401014,9.964420109011252,Tanneneck,AKN-A1,3.2825674050297797,43.76756540039706,6.0,8.380822266314158,5.0,1,75.14838766671122,>60 min,0.0,21.7,Low potential,bike,True,True
EMP0366,Fuhlsbüttel,53.61197842433614,9.857225713692229,Alsterdorf,U1,9.402062794437791,125.36083725917055,6.0,31.605537154807397,0.0,0,174.96637441397795,>60 min,0.0,9.0,Low potential,car,True,True
EMP0367,Kaltenkirchen,53.80934839115413,9.964507697132287,Henstedt-Ulzburg,AKN-A1,1.6087069311828843,21.449425749105124,6.0,22.38484734876089,5.0,1,66.83427309786602,>60 min,29.66697045770662,56.7,Medium potential,public_transport,False,False
EMP0368,Quickborn,53.73343846478427,9.94445941228495,Quickborn,AKN-A1,2.5249003590963106,33.665338121284144,6.0,9.496074151573486,5.0,1,66.16141227285763,>60 min,0.0,34.2,Low potential,public_transport,True,True
EMP0369,Langenhorn (Hamburg),53.68834133650643,10.007054811206023,Norderstedt Mitte,U1,1.247296644199589,16.630621922661188,6.0,2.484995617263049,0.0,0,37.11561753992424,31-45 min,62.56874827075352,57.0,Medium potential,car,True,True
EMP0370,Hamburg-Innenstadt,53.526893558247345,10.04956455448388,Hamburg Hauptbahnhof,U1,4.03067751572642,53.742366876352264,6.0,46.29327467023806,0.0,0,118.03564154659033,>60 min,0.0,21.0,Low potential,public_transport,True,True
EMP0371,Kaltenkirchen,53.86981860832292,9.971757946778824,Kaltenkirchen,AKN-A1,3.729201397302324,49.72268529736432,6.0,33.86382276642804,5.0,1,106.58650806379237,>60 min,0.0,9.0,Low potential,car,True,True
EMP0372,Langenhorn (Hamburg),53.680013076583236,10.01557997278618,Garstedt,U1,1.6095470796750357,21.46062772900048,6.0,5.08171683611218,0.0,0,44.54234456511266,31-45 min,49.636978480261305,67.5,Medium potential,bike,False,False
EMP0373,Langenhorn (Hamburg),53.65514804992919,10.02448740361956,Kiwittsmoor,U1,1.0471018040630276,13.961357387507034,6.0,11.66132597686093,0.0,0,43.622683364367965,31-45 min,69.71538863984665,60.0,Medium potential,bike,True,True
EMP0374,Langenhorn (Hamburg),53.679819484706144,10.131390991977273,Kiwittsmoor,U1,8.327363808936175,111.03151745248233,6.0,22.11803112382408,0.0,0,151.14954857630642,>60 min,0.0,27.5,Low potential,bike,False,True
EMP0375,Norderstedt,53.674194681426464,9.965639745031842,Garstedt,U1,1.8153748894439934,24.204998525919912,6.0,7.381164156603592,0.0,0,49.58616268252351,46-60 min,42.2892499705083,67.0,Medium potential,mixed,False,False
EMP0376,Norderstedt,53.70125198019887,9.9639778261528,Friedrichsgabe,AKN-A1,0.5755183668130879,7.673578224174506,6.0,3.855294361578517,5.0,1,34.52887258575302,31-45 min,66.55017433036267,59.6,Medium potential,car,True,True
EMP0377,Henstedt-Ulzburg,53.8148582494377,9.912298358828549,Kaltenkirchen,AKN-A1,4.109093390671582,54.78791187562109,6.0,25.042023899967358,5.0,1,102.82993577558845,>60 min,0.0,32.0,Low potential,mixed,False,True
EMP0378,Fuhlsbüttel,53.64218548510181,9.930339285135664,Fuhlsbüttel Nord,U1,4.952749090463593,66.03665453951457,6.0,17.703714086755934,0.0,0,101.74036862627051,>60 min,0.0,35.0,Low potential,public_transport,False,True
EMP0379,Fuhlsbüttel,53.59681346689356,10.012959108481088,Alsterdorf,U1,1.0921312665121887,14.561750220162516,6.0,26.672164941528234,0.0,0,59.233915161690746,46-60 min,68.10790777811107,46.4,Medium potential,car,True,True
EMP0380,Kaltenkirchen,53.81994106971721,9.911579873649723,Kaltenkirchen,AKN-A1,3.8434633108408036,51.24617747787738,6.0,25.980645482418463,5.0,1,100.22682296029585,>60 min,0.0,9.0,Low potential,car,True,True
EMP0381,Ohlsdorf,53.65131278989878,9.939710131336213,Garstedt,U1,4.347115703243875,57.961542709918334,6.0,14.82168801339998,0.0,0,90.78323072331831,>60 min,0.0,35.0,Low potential,public_transport,False,True
EMP0382,Henstedt-Ulzburg,53.78738365355544,9.899319234035696,Henstedt-Ulzburg,AKN-A1,5.167935366008192,68.90580488010923,6.0,20.98377497070661,5.0,1,112.88957985081584,>60 min,0.0,9.0,Low potential,car,True,True
EMP0383,Kaltenkirchen,53.85543317145167,9.961313316620963,Kaltenkirchen,AKN-A1,2.085318334462017,27.804244459493564,6.0,31.228880112657425,5.0,1,82.03312457215098,>60 min,12.652694301931106,43.2,Low potential,public_transport,False,False
EMP0384,Fuhlsbüttel,53.64017684020991,10.01393755467732,Langenhorn Nord,U1,0.3340861095565073,4.454481460753431,6.0,15.059036347136947,0.0,0,37.51351780789038,31-45 min,95.1689255176269,85.0,High potential,bike,False,False
EMP0385,Langenhorn (Hamburg),53.64967146803157,10.042947392932506,Kiwittsmoor,U1,1.6687907452227801,22.250543269637067,6.0,14.353159312338878,0.0,0,54.603702581975945,46-60 min,47.522072963576925,65.8,Medium potential,mixed,False,True
EMP0386,Henstedt-Ulzburg,53.76277199046988,9.970873520645288,Henstedt-Ulzburg,AKN-A1,3.7900621283909888,50.53416171187985,6.0,13.426822758545809,5.0,1,86.96098447042566,>60 min,0.0,15.2,Low potential,bike,True,True
EMP0387,Quickborn,53.730600080006475,9.896328291995363,Quickborn,AKN-A1,0.6801597556893839,9.06879674252512,6.0,13.299720083986173,5.0,1,45.368516826511296,46-60 min,62.81464161877439,52.5,Medium potential,car,True,True
EMP0388,Henstedt-Ulzburg,53.80186817708074,10.009586044835743,Henstedt-Ulzburg,AKN-A1,2.253938034924857,30.052507132331428,6.0,20.7142081704152,5.0,1,73.76671530274663,>60 min,6.633236669905713,24.5,Low potential,bike,True,True
EMP0389,Norderstedt,53.69313363935779,10.012277292985893,Norderstedt Mitte,U1,1.5906841612715241,21.209122150286987,6.0,2.662316292694053,0.0,0,41.871438442981045,31-45 min,50.3103549471547,50.7,Medium potential,car,True,True
EMP0390,Hamburg-Innenstadt,53.570841973064894,10.04017890109927,Hamburg Hauptbahnhof,U1,2.9758229098285875,39.6776387977145,6.0,34.31619790189562,0.0,0,91.99383669961011,>60 min,0.8630840260835715,9.3,Low potential,car,True,True
EMP0391,Quickborn,53.73268550116264,9.934659726292075,Quickborn,AKN-A1,1.8786224740510402,25.048299654013867,6.0,10.119158488923752,5.0,1,58.16745814293762,46-60 min,20.031410851917528,44.6,Low potential,public_transport,True,True
EMP0392,Norderstedt,53.65628452118434,10.039189060388221,Kiwittsmoor,U1,1.759885127096831,23.465135027957746,6.0,12.518589628205,0.0,0,53.98372465616275,46-60 min,44.27014705752165,42.2,Low potential,car,True,True
EMP0393,Alsterdorf,53.63635348122725,9.975774426233546,Fuhlsbüttel Nord,U1,1.9497844756099687,25.99712634146625,6.0,16.141005352360406,0.0,0,60.13813169382665,>60 min,37.4910395179731,36.7,Low potential,car,True,True
EMP0394,Quickborn,53.77131159916779,9.97972619210477,Henstedt-Ulzburg,AKN-A1,2.8315101220147434,37.75346829352991,6.0,14.880677458365884,5.0,1,75.6341457518958,>60 min,0.0,16.9,Low potential,car,True,True
EMP0395,Norderstedt,53.6873689131535,9.964748495309713,Friedrichsgabe,AKN-A1,1.1783952218913971,15.711936291885294,6.0,3.8257468755390884,5.0,1,42.53768316742438,31-45 min,45.02842048717909,74.7,High potential,public_transport,False,True
EMP0396,Fuhlsbüttel,53.63370975639023,9.951648543926215,Fuhlsbüttel Nord,U1,3.3417828166200167,44.55710422160023,6.0,17.993500974937668,0.0,0,80.5506051965379,>60 min,0.0,26.2,Low potential,public_transport,True,True
EMP0397,Hamburg-Innenstadt,53.55718323049994,9.885010050590079,Hamburg Hauptbahnhof,U1,8.066244826070852,107.54993101427803,6.0,41.315049280486356,0.0,0,166.8649802947644,>60 min,0.0,9.0,Low potential,car,True,True
EMP0398,Langenhorn (Hamburg),53.653967506236434,9.983725159953831,Ochsenzoll,U1,1.5853145850150194,21.13752780020026,6.0,11.211770997494398,0.0,0,50.34929879769466,46-60 min,50.50204035929362,46.1,Medium potential,car,True,True
EMP0399,Fuhlsbüttel,53.62807922320004,9.968752887472137,Fuhlsbüttel Nord,U1,2.140957513772191,28.54610018362921,6.0,18.57568269147664,0.0,0,65.12178287510585,>60 min,30.666463264757237,57.9,Medium potential,public_transport,False,False
EMP0400,Fuhlsbüttel,53.66717198439525,10.047855989399052,Ochsenzoll,U1,2.890948528659127,38.5459803821217,6.0,11.19075858548612,0.0,0,67.73673896760782,>60 min,3.892965707118423,48.5,Medium potential,public_transport,False,False
EMP0401,Langenhorn (Hamburg),53.62477226643104,10.047420258426545,Ohlsdorf,U1,1.8569663698891532,24.759551598522044,6.0,20.68067681565535,0.0,0,63.4402284141774,>60 min,40.8044996494862,47.9,Medium potential,public_transport,True,True
EMP0402,Henstedt-Ulzburg,53.80404663843231,9.96618859770853,Henstedt-Ulzburg,AKN-A1,1.0569052813304176,14.092070417738901,6.0,21.34556660051469,5.0,1,58.4376370182536,46-60 min,49.36541994760252,45.7,Medium potential,bike,True,True
EMP0403,Kaltenkirchen,53.833431230316464,10.038661246564839,Kaltenkirchen,AKN-A1,4.991078696558027,66.54771595410703,6.0,27.178990600581088,5.0,1,116.72670655468812,>60 min,0.0,27.5,Low potential,bike,False,True
EMP0404,Norderstedt,53.69480170747915,9.966044188092441,Friedrichsgabe,AKN-A1,0.39729875358015976,5.297316714402131,6.0,3.4071344095222416,5.0,1,31.704451123924372,31-45 min,72.91233372281148,67.6,Medium potential,bike,True,True
EMP0405,Henstedt-Ulzburg,53.79804458397405,9.8805342541477,Henstedt-Ulzburg,AKN-A1,6.29790683843185,83.97209117909134,6.0,23.867208158623455,5.0,1,130.8392993377148,>60 min,0.0,35.0,Low potential,public_transport,False,True
EMP0406,Hamburg-Innenstadt,53.560378639237086,9.981665915888517,Hamburg Hauptbahnhof,U1,1.8677095271066464,24.902793694755285,6.0,36.47801331630405,0.0,0,79.38080701105933,>60 min,40.42098586356805,39.0,Low potential,public_transport,True,True
EMP0407,Langenhorn (Hamburg),53.65834124559682,9.996850983690207,Ochsenzoll,U1,0.6566812554467399,8.755750072623199,6.0,9.855787024891406,0.0,0,36.611537097514606,31-45 min,83.65278708508804,89.6,High potential,public_transport,False,False
EMP0408,Hamburg-Innenstadt,53.592980513685205,9.987458085511953,Alsterdorf,U1,1.2296651193324992,16.39553492443332,6.0,27.60319229585108,0.0,0,61.9987272202844,>60 min,63.19816592856058,69.4,Medium potential,public_transport,False,False
EMP0409,Norderstedt,53.66863660390793,9.994145589430994,Garstedt,U1,0.6217503449930634,8.290004599907512,6.0,7.0697827332865355,0.0,0,33.35978733319405,31-45 min,84.89976555170152,77.8,High potential,public_transport,True,True
EMP0410,Henstedt-Ulzburg,53.80009051591272,9.959428317982132,Henstedt-Ulzburg,AKN-A1,1.1766482163386562,15.688642884515417,6.0,20.733744264057766,5.0,1,59.42238714857318,46-60 min,45.090785832857975,39.4,Low potential,car,True,True
EMP0411,Quickborn,53.68035651516326,9.98074241499482,Garstedt,U1,1.0685890168663859,14.247853558218479,6.0,4.586126518187937,0.0,0,36.83398007640642,31-45 min,68.94832899767493,63.5,Medium potential,bike,True,True
EMP0412,Quickborn,53.68752014089102,9.859345806327001,Hasloh,AKN-A1,5.2784057029513045,70.37874270601739,6.0,15.645920417408812,5.0,1,109.02466312342621,>60 min,0.0,27.5,Low potential,bike,False,False
EMP0413,Norderstedt,53.69317575209093,9.97285272565477,Friedrichsgabe,AKN-A1,0.5162131474320638,6.882841965760851,6.0,2.646510220489753,5.0,1,32.529352186250605,31-45 min,68.66727722191192,70.3,High potential,mixed,True,True
EMP0414,Hamburg-Innenstadt,53.56165299050689,9.927278006595364,Hamburg Hauptbahnhof,U1,5.350533212439227,71.34044283252302,6.0,37.70988882484227,0.0,0,127.05033165736529,>60 min,0.0,9.0,Low potential,car,True,True
EMP0415,Norderstedt,53.656133727809504,10.018410336797304,Ochsenzoll,U1,0.792720355644439,10.569604741925852,6.0,11.060071682063185,0.0,0,39.62967642398904,31-45 min,78.79640554905649,60.5,Medium potential,car,True,True
EMP0416,Langenhorn (Hamburg),53.65076004343298,9.991990332371179,Ochsenzoll,U1,1.2651490240242778,16.868653653657034,6.0,11.925931011777646,0.0,0,46.794584665434684,46-60 min,61.9314464389357,63.4,Medium potential,public_transport,True,True
EMP0417,Norderstedt,53.7189942815318,9.896556072457765,Quickborn,AKN-A1,1.6380074159775464,21.84009887970062,6.0,12.262818798598074,5.0,1,57.102917678298695,46-60 min,28.620989315911487,35.8,Low potential,car,True,True
EMP0418,Kaltenkirchen,53.822617356341055,9.993654471848592,Kaltenkirchen,AKN-A1,2.559715993200823,34.12954657601097,6.0,24.65588086489244,5.0,1,81.78542744090342,>60 min,0.0,39.5,Low potential,public_transport,False,True
EMP0419,Norderstedt,53.71700698164548,9.950757162632417,Tanneneck,AKN-A1,1.364003934424294,18.186719125657255,6.0,6.708939091357663,5.0,1,47.89565821701492,46-60 min,38.40248189186784,55.8,Medium potential,public_transport,True,True
EMP0420,Henstedt-Ulzburg,53.77719801508653,9.96049419333407,Henstedt-Ulzburg,AKN-A1,2.40713772901321,32.09516972017613,6.0,16.404860843142785,5.0,1,71.50003056331892,>60 min,1.1642489699345724,28.6,Low potential,mixed,True,True
EMP0421,Quickborn,53.72036642272396,9.870823686703885,Quickborn,AKN-A1,2.6900358879747315,35.867145172996416,6.0,15.102276021765466,5.0,1,73.96942119476188,>60 min,0.0,36.4,Low potential,bike,False,True
EMP0422,Norderstedt,53.68321267265083,9.952441636198742,Friedrichsgabe,AKN-A1,1.9648165829993296,26.197554439991062,6.0,5.431770179110606,5.0,1,54.62932461910167,46-60 min,16.954416968520434,33.6,Low potential,car,True,True
EMP0423,Norderstedt,53.697085908509884,9.893947754529332,Hasloh,AKN-A1,2.8043397107151904,37.391196142869205,6.0,11.643328658707551,5.0,1,72.03452480157677,>60 min,0.0,18.9,Low potential,car,True,True
EMP0424,Norderstedt,53.63462247824775,9.945549048127338,Fuhlsbüttel Nord,U1,3.7563027956089114,50.08403727478549,6.0,18.18045454268872,0.0,0,86.26449181747421,>60 min,0.0,37.1,Low potential,public_transport,False,False
EMP0425,Alsterdorf,53.60657482914386,9.998722845610724,Alsterdorf,U1,0.5309396493846492,7.079195325128656,6.0,23.889575196541944,0.0,0,48.9687705216706,46-60 min,88.14156430504511,58.1,Medium potential,car,True,True
EMP0426,Hamburg-Innenstadt,53.56591729753228,9.997270476324855,Hamburg Hauptbahnhof,U1,1.5912168883792897,21.21622517839053,6.0,34.90570214196798,0.0,0,74.12192732035851,>60 min,50.29133742876377,58.9,Medium potential,public_transport,False,True
EMP0427,Langenhorn (Hamburg),53.62006098835958,10.045125294537968,Ohlsdorf,U1,1.6446369571021673,21.92849276136223,6.0,21.720207259801132,0.0,0,61.648700021163364,>60 min,48.38432514316129,39.2,Low potential,car,True,True
EMP0428,Hamburg-Innenstadt,53.6121528271896,10.041040361903239,Ohlsdorf,U1,1.658639123008001,22.115188306773348,6.0,23.519121344827607,0.0,0,63.63430965160096,>60 min,47.88446988191125,37.9,Low potential,car,True,True
EMP0429,Norderstedt,53.66285613377781,9.947393021351683,Garstedt,U1,3.270699591576352,43.60932788768469,6.0,11.624706995508168,0.0,0,73.23403488319286,>60 min,0.0,44.3,Low potential,public_transport,False,True
EMP0430,Hamburg-Innenstadt,53.54628458202499,9.9525082518148,Hamburg Hauptbahnhof,U1,3.665646183459137,48.87528244612182,6.0,40.82657175161101,0.0,0,107.70185419773284,>60 min,0.0,9.0,Low potential,car,True,True
EMP0431,Henstedt-Ulzburg,53.76237682056012,10.046598299651592,Henstedt-Ulzburg,AKN-A1,5.9866434466335745,79.821912621781,6.0,14.267535919289012,5.0,1,117.08944854107001,>60 min,0.0,35.0,Low potential,public_transport,False,True
EMP0432,Kaltenkirchen,53.79118610676182,9.968676622432849,Henstedt-Ulzburg,AKN-A1,0.7957718713777545,10.610291618370061,6.0,18.853675119880062,5.0,1,52.46396673825012,46-60 min,58.68747124529641,73.3,High potential,public_transport,False,True
EMP0433,Quickborn,53.73292720454814,9.962635983128214,Tanneneck,AKN-A1,3.1457522240764906,41.94336298768654,6.0,8.287445018779836,5.0,1,73.23080800646638,>60 min,0.0,36.8,Low potential,bike,False,True
EMP0434,Hamburg-Innenstadt,53.533129667486065,10.006452947396216,Hamburg Hauptbahnhof,U1,2.187443652813158,29.165915370842104,6.0,43.82456035536923,0.0,0,90.99047572621133,>60 min,29.00698134381048,43.7,Low potential,public_transport,False,False
EMP0435,Norderstedt,53.68228335765423,9.974551200746287,Norderstedt Mitte,U1,1.3034176310283656,17.378901747044875,6.0,4.802797201404341,0.0,0,40.18169894844922,31-45 min,60.56531746429372,59.2,Medium potential,bike,True,True
EMP0436,Norderstedt,53.66475285987777,10.02453046073403,Ochsenzoll,U1,1.3887521471289899,18.516695295053196,6.0,9.327792791102652,0.0,0,45.84448808615585,46-60 min,57.51900969119757,64.6,Medium potential,car,False,False
EMP0437,Norderstedt,53.704990010870056,9.972879381685985,Friedrichsgabe,AKN-A1,0.8541480384054185,11.388640512072246,6.0,3.2913780667553936,5.0,1,37.68001857882764,31-45 min,56.603534058962126,80.9,High potential,public_transport,False,False
EMP0438,Ohlsdorf,53.61922850942274,10.023869316036212,Ohlsdorf,U1,0.2802795652173582,3.737060869564776,6.0,20.943155403042255,0.0,0,42.680216272607026,31-45 min,97.0897343738055,64.3,Medium potential,car,True,True
EMP0439,Kaltenkirchen,53.82803593445458,9.945444097032183,Kaltenkirchen,AKN-A1,1.491741136066774,19.889881814223656,6.0,26.334066616594328,5.0,1,69.22394843081798,>60 min,33.842465053919284,30.6,Low potential,car,True,True
EMP0440,Quickborn,53.748142892449636,9.865807587937072,Quickborn,AKN-A1,3.1636636336350565,42.18218178180076,6.0,18.061559170865547,5.0,1,83.2437409526663,>60 min,0.0,12.7,Low potential,car,True,True
EMP0441,Hamburg-Innenstadt,53.56073505401457,9.958981165160635,Hamburg Hauptbahnhof,U1,3.285853804988122,43.811384066508296,6.0,36.79130125191878,0.0,0,98.60268531842708,>60 min,0.0,21.0,Low potential,public_transport,True,True
EMP0442,Norderstedt,53.73388415609792,9.942994108753014,Quickborn,AKN-A1,2.430979170764922,32.41305561019896,6.0,9.667188045862005,5.0,1,65.08024365606096,>60 min,0.31314706359203015,45.9,Medium potential,mixed,False,True
EMP0443,Kaltenkirchen,53.79677875596158,9.947141656895669,Henstedt-Ulzburg,AKN-A1,1.9216362593004872,25.62181679067316,6.0,20.444313398546594,5.0,1,69.06613018921976,>60 min,18.495886490343032,26.1,Low potential,car,True,True
EMP0444,Norderstedt,53.66239966848132,9.98003379527753,Garstedt,U1,1.5729078793838698,20.972105058451596,6.0,9.117638966282136,0.0,0,48.08974402473373,46-60 min,50.944940202519085,47.4,Medium potential,car,True,True
EMP0445,Langenhorn (Hamburg),53.648246911896024,10.011781199061613,Kiwittsmoor,U1,0.46553351588207725,6.207113545094363,6.0,12.846185259133735,0.0,0,37.0532988042281,31-45 min,90.47646021823108,77.4,High potential,public_transport,True,True
EMP0446,Quickborn,53.743255117072685,9.855746294554189,Quickborn,AKN-A1,3.5172986819071848,46.89731575876246,6.0,18.522805952088937,5.0,1,88.42012171085139,>60 min,0.0,9.9,Low potential,car,True,True
EMP0447,Henstedt-Ulzburg,53.76374609390449,9.911154718025179,Quickborn,AKN-A1,3.479204124981518,46.389388333086906,6.0,16.446027458127695,5.0,1,85.8354157912146,>60 min,0.0,11.3,Low potential,car,True,True
EMP0448,Alsterdorf,53.61246062878414,10.028573013350947,Ohlsdorf,U1,1.050780267342111,14.010403564561479,6.0,22.899560506830348,0.0,0,54.909964071391826,46-60 min,69.58407329651118,61.3,Medium potential,public_transport,True,True
EMP0449,Norderstedt,53.6700382116197,10.022104190342574,Ochsenzoll,U1,1.675867516849617,22.34490022466156,6.0,7.89770343976134,0.0,0,48.2426036644229,46-60 min,47.26944336654682,72.2,High potential,public_transport,False,False
EMP0450,Alsterdorf,53.60586549354478,10.005246021960996,Alsterdorf,U1,0.6252199529630056,8.336266039506741,6.0,24.12429449508188,0.0,0,50.46056053458862,46-60 min,84.7759060138333,74.8,High potential,bike,False,True
EMP0451,Norderstedt,53.69420289117815,9.945080456038097,Tanneneck,AKN-A1,1.3666797118831049,18.2223961584414,6.0,5.800244465227804,5.0,1,47.022640623669204,46-60 min,38.30696085250038,44.2,Low potential,car,True,True
EMP0452,Hamburg-Innenstadt,53.5609871853466,9.968227839529094,Hamburg Hauptbahnhof,U1,2.711774363084025,36.156991507787005,6.0,36.51317154082539,0.0,0,90.6701630486124,>60 min,10.289201114205449,12.1,Low potential,car,True,True
EMP0453,Quickborn,53.72394581277296,9.887588911436902,Quickborn,AKN-A1,1.5520742590047807,20.694323453397075,6.0,13.580960742660764,5.0,1,57.27528419605784,46-60 min,31.68866762493414,36.6,Low potential,car,True,True
EMP0454,Norderstedt,53.72518639974098,9.947567263580979,Hasloh,AKN-A1,1.9151106054688896,25.534808072918526,6.0,8.057682143558145,5.0,1,56.59249021647667,46-60 min,18.72884205041546,45.1,Medium potential,public_transport,True,True
EMP0455,Norderstedt,53.661369047014865,10.003443808966438,Ochsenzoll,U1,0.43502510059632277,5.800334674617637,6.0,9.114773708342161,0.0,0,32.9151083829598,31-45 min,91.56556257536228,94.0,High potential,public_transport,False,True
EMP0456,Norderstedt,53.694508921673574,9.9737741120924,Friedrichsgabe,AKN-A1,0.41515694831772404,5.535425977569654,6.0,2.525233852498867,5.0,1,31.06065983006852,31-45 min,72.2748243077659,81.7,High potential,bike,False,True
EMP0457,Henstedt-Ulzburg,53.74646524215185,9.951807588372235,Quickborn,AKN-A1,3.3783655199627725,45.04487359950363,6.0,11.172754600819093,5.0,1,79.21762820032272,>60 min,0.0,33.5,Low potential,bike,False,False
EMP0458,Fuhlsbüttel,53.61738631879967,9.977415531671586,Fuhlsbüttel Nord,U1,1.9236168176606157,25.648224235474874,6.0,21.164243177504535,0.0,0,64.8124674129794,>60 min,38.42518367742246,52.9,Medium potential,bike,False,False
EMP0459,Kaltenkirchen,53.853686018825286,9.88094202140191,Kaltenkirchen,AKN-A1,5.692496191054661,75.89994921406215,6.0,33.323034525933934,5.0,1,132.2229837399961,>60 min,0.0,9.0,Low potential,car,True,True
EMP0460,Quickborn,53.75555143453247,9.922099481162965,Quickborn,AKN-A1,2.760455515005605,36.80607353340807,6.0,14.435443123769407,5.0,1,74.24151665717747,>60 min,0.0,43.7,Low potential,public_transport,False,True
EMP0461,Alsterdorf,53.613216369779174,9.973498312730905,Alsterdorf,U1,2.0918590999019484,27.891454665359312,6.0,22.376399341941834,0.0,0,68.26785400730114,>60 min,32.419199281250776,30.7,Low potential,car,True,True
EMP0462,Norderstedt,53.72992024438768,10.00682638386436,Friedrichsgabe,AKN-A1,4.343839518435181,57.917860245802416,6.0,6.901757224602132,5.0,1,87.81961747040455,>60 min,0.0,10.2,Low potential,car,True,True
EMP0463,Henstedt-Ulzburg,53.78863668044022,10.031726149761283,Henstedt-Ulzburg,AKN-A1,3.7430109359078996,49.906812478772,6.0,18.560046199289925,5.0,1,91.46685867806193,>60 min,0.0,32.0,Low potential,mixed,False,True
EMP0464,Langenhorn (Hamburg),53.647604289102325,10.021185407335123,Kiwittsmoor,U1,0.2319429316006084,3.092572421341445,6.0,13.394853289523672,0.0,0,34.48742571086512,31-45 min,98.8152760354981,69.3,Medium potential,car,True,True
EMP0465,Alsterdorf,53.59973862377563,10.04494604664392,Ohlsdorf,U1,2.8274482593525714,37.69931012470095,6.0,26.917309366110207,0.0,0,82.61661949081116,>60 min,6.159825271355701,19.4,Low potential,bike,True,True
EMP0466,Quickborn,53.7558025991701,9.902201403976386,Quickborn,AKN-A1,2.5927211168486965,34.56961489131595,6.0,15.901589894467573,5.0,1,73.47120478578353,>60 min,0.0,18.1,Low potential,car,True,True
EMP0467,Quickborn,53.73674544665026,9.881330797673467,Quickborn,AKN-A1,1.6931416019819774,22.5752213597597,6.0,15.376604102291711,5.0,1,60.95182546205141,>60 min,26.652785744093286,33.0,Low potential,car,True,True
EMP0468,Henstedt-Ulzburg,53.7814205229003,9.98385292261017,Henstedt-Ulzburg,AKN-A1,1.7681340504229668,23.575120672306223,6.0,16.770680184537405,5.0,1,63.345800856843624,>60 min,23.97567349165,30.9,Low potential,car,True,True
EMP0469,Norderstedt,53.65169821738335,9.981680958950706,Ochsenzoll,U1,1.7975393666123114,23.96719155483082,6.0,11.876611832994502,0.0,0,53.84380338782532,46-60 min,42.925950034235385,53.8,Medium potential,public_transport,True,True
EMP0470,Ohlsdorf,53.6296441478159,10.022324070547961,Ohlsdorf,U1,1.026387342903517,13.685164572046896,6.0,18.136108094011828,0.0,0,49.82127266605872,46-60 min,70.45486226586813,52.3,Medium potential,car,True,True
EMP0471,Fuhlsbüttel,53.67780311194874,10.080990765526417,Ochsenzoll,U1,5.360756488919831,71.47675318559774,6.0,14.405328160624824,0.0,0,103.88208134622256,>60 min,0.0,9.0,Low potential,car,True,True
EMP0472,Fuhlsbüttel,53.62632271510748,9.995727079994376,Fuhlsbüttel Nord,U1,0.38026290208622643,5.070172027816352,6.0,18.53286390365026,0.0,0,41.60303593146661,31-45 min,93.52048677973028,82.3,High potential,bike,False,False
EMP0473,Norderstedt,53.6600470899359,10.008887022240767,Ochsenzoll,U1,0.2659427657411524,3.545903543215365,6.0,9.620897103898981,0.0,0,31.166800647114346,31-45 min,97.60153552627453,96.8,High potential,public_transport,False,True
EMP0474,Norderstedt,53.67935931066529,9.942831917122195,Friedrichsgabe,AKN-A1,2.696148204913446,35.94864273217928,6.0,6.740252032690611,5.0,1,65.6888947648699,>60 min,0.0,22.4,Low potential,car,True,True
EMP0475,Langenhorn (Hamburg),53.689885611861364,10.011131414463364,Norderstedt Mitte,U1,1.4922634559924128,19.89684607989884,6.0,2.7709308573115825,0.0,0,40.66777693721042,31-45 min,53.82381905553289,66.4,Medium potential,car,False,True
EMP0476,Langenhorn (Hamburg),53.66953993983138,10.023389581983393,Ochsenzoll,U1,1.6855988813930807,22.474651751907743,6.0,8.12256669692831,0.0,0,48.59721844883605,46-60 min,46.9220489849272,45.9,Medium potential,car,True,True
EMP0477,Fuhlsbüttel,53.60263836835652,10.011298060309484,Alsterdorf,U1,0.8364536550573604,11.152715400764805,6.0,25.07452502088005,0.0,0,54.22724042164485,46-60 min,77.23519566550094,77.9,High potential,public_transport,False,True
EMP0478,Alsterdorf,53.63594887796076,10.05834068688284,Kiwittsmoor,U1,2.8945402420398514,38.593869893864685,6.0,18.81794304598185,0.0,0,75.41181293984653,>60 min,3.7647471984726066,18.2,Low potential,car,True,True
EMP0479,Quickborn,53.75428147685781,9.880430404664938,Quickborn,AKN-A1,2.943102242018091,39.24136322690788,6.0,17.471832098618556,5.0,1,79.71319532552644,>60 min,0.0,33.2,Low potential,bike,False,False
EMP0480,Fuhlsbüttel,53.63297476533772,10.057212243228824,Ohlsdorf,U1,2.8073533730954146,37.431378307938864,6.0,19.412430173011618,0.0,0,74.84380848095049,>60 min,6.877181049555414,45.4,Medium potential,public_transport,False,True
EMP0481,Fuhlsbüttel,53.607160243236066,10.000776681637555,Alsterdorf,U1,0.6115785260843392,8.15438034779119,6.0,23.739531323892184,0.0,0,49.89391167168337,46-60 min,85.2628834601881,56.7,Medium potential,car,True,True
EMP0482,Norderstedt,53.677175035746494,9.98174037330388,Garstedt,U1,0.824120353186737,10.98827137582316,6.0,5.265681519373977,0.0,0,34.25395289519714,31-45 min,77.6754751101294,89.1,High potential,public_transport,False,True
EMP0483,Alsterdorf,53.59291911837332,10.017171743767,Alsterdorf,U1,1.5687539563438049,20.9167194179174,6.0,27.797400526724317,0.0,0,66.71411994464171,>60 min,51.093228710194815,37.2,Low potential,car,True,True
EMP0484,Langenhorn (Hamburg),53.64965778015972,10.026747975806813,Kiwittsmoor,U1,0.66385960963541,8.851461461805467,6.0,13.174672177118213,0.0,0,40.02613363892368,31-45 min,83.39653115065234,87.6,High potential,public_transport,False,True
EMP0485,Norderstedt,53.70720183080526,9.974186631893321,Friedrichsgabe,AKN-A1,1.1134398269879027,14.845864359838702,6.0,3.456032089420723,5.0,1,41.301896449259424,31-45 min,47.3472257425545,50.1,Medium potential,car,True,True
EMP0486,Fuhlsbüttel,53.61446856198618,9.957728896642626,Alsterdorf,U1,3.048019298177265,40.640257309030204,6.0,22.59365719292743,0.0,0,81.23391450195763,>60 min,0.0,13.8,Low potential,car,True,True
EMP0487,Fuhlsbüttel,53.64034219144179,9.991632323797948,Langenhorn Nord,U1,1.1487508112927607,15.316677483903476,6.0,14.74896226838239,0.0,0,48.06563975228587,46-60 min,66.0866792382921,52.0,Medium potential,car,True,True
EMP0488,Langenhorn (Hamburg),53.655003317788314,9.936998576081926,Garstedt,U1,4.27400082847681,56.98667771302413,6.0,14.324623165539405,0.0,0,89.31130087856353,>60 min,0.0,13.9,Low potential,bike,True,True
EMP0489,Alsterdorf,53.628700778652686,10.035357063975404,Ohlsdorf,U1,1.3530178289396364,18.040237719195154,6.0,18.977572928155944,0.0,0,55.0178106473511,46-60 min,58.794668548138375,58.0,Medium potential,public_transport,True,True
EMP0490,Alsterdorf,53.58868722702223,10.045540715989016,Alsterdorf,U1,3.417771367241304,45.570284896550724,6.0,29.820034907303704,0.0,0,93.39031980385442,>60 min,0.0,35.0,Low potential,public_transport,False,False
EMP0491,Quickborn,53.738740659086304,9.87897886946072,Quickborn,AKN-A1,1.9100585726124975,25.4674476348333,6.0,15.8080759013831,5.0,1,64.2755235362164,>60 min,18.909191663486645,28.9,Low potential,car,True,True
EMP0492,Quickborn,53.719953985883265,9.872614032975276,Quickborn,AKN-A1,2.613503777512821,34.84671703350428,6.0,14.883325088295166,5.0,1,72.73004212179944,>60 min,0.0,44.5,Low potential,public_transport,False,False
EMP0493,Quickborn,53.74831659547297,9.992969638263643,Tanneneck,AKN-A1,5.425786038715501,72.34381384954001,6.0,10.339365224220174,5.0,1,105.68317907376019,>60 min,0.0,32.0,Low potential,mixed,False,False
EMP0494,Langenhorn (Hamburg),53.65039577428163,10.035928619051854,Kiwittsmoor,U1,1.246199265594257,16.615990207923428,6.0,13.619941695503583,0.0,0,48.23593190342701,46-60 min,62.60792295795172,76.8,High potential,public_transport,False,False
EMP0495,Kaltenkirchen,53.86606199678241,9.972032500734386,Kaltenkirchen,AKN-A1,3.3205961755442908,44.274615673923876,6.0,33.139653693606334,5.0,1,100.41426936753021,>60 min,0.0,9.0,Low potential,car,True,True
EMP0496,Ohlsdorf,53.638970785400545,10.06220235764133,Kiwittsmoor,U1,3.0189770498263035,40.25302733101738,6.0,18.480106531800843,0.0,0,76.73313386281822,>60 min,0.0,16.3,Low potential,car,True,True
EMP0497,Fuhlsbüttel,53.643913110104734,9.99444743037895,Langenhorn Nord,U1,1.0775304104361556,14.36707213914874,6.0,13.767153473378718,0.0,0,46.13422561252746,46-60 min,68.62913533515058,53.8,Medium potential,car,True,True
EMP0498,Alsterdorf,53.6018429764324,10.04129485253203,Ohlsdorf,U1,2.4980663731604595,33.307551642139465,6.0,26.203127492933696,0.0,0,77.51067913507316,>60 min,17.918239639592393,21.3,Low potential,car,True,True
EMP0499,Langenhorn (Hamburg),53.644829865207306,9.973284945006387,Langenhorn Nord,U1,2.4277633692971854,32.370178257295805,6.0,13.996003278953893,0.0,0,64.3661815362497,>60 min,20.42794610922496,33.8,Low potential,bike,True,True
EMP0500,Ohlsdorf,53.62442923309233,10.067598450372031,Ohlsdorf,U1,3.156321351061509,42.08428468082012,6.0,22.256727846338343,0.0,0,82.34101252715845,>60 min,0.0,36.2,Low potential,mixed,False,True
