employee_id,home_area,home_lat,home_lon,age_group,household_type,work_days_per_week,driving_license,car_access,current_transport_mode,nearest_station,station_line,distance_to_station_km,walking_time_min,waiting_time_min,transit_time_min,n_transfers,transfer_time_min,final_walk_time_min,door_to_door_time_min,commute_time_score,connectivity_score,car_access_penalty,current_mode_score,adoption_potential_score,adoption_potential_group,commute_group
EMP0001,Kaltenkirchen,53.838600699801475,9.931786962094359,35-44,single,5,True,False,public_transport,Kaltenkirchen,AKN-A1,2.0458191415439417,27.277588553919223,6.0,28.680759611004646,1,5.0,12.0,78.95834816492388,17.42405459793708,14.062753254810993,100.0,100.0,45.3,Medium potential,>60 min
EMP0002,Fuhlsbüttel,53.59891578523515,9.972168780300676,55-64,single,4,True,True,bike,Alsterdorf,U1,1.77978840477223,23.730512063629735,6.0,26.239635163023962,0,0.0,12.0,67.9701472266537,34.76376209290748,43.559631403795265,30.0,50.0,38.7,Low potential,>60 min
EMP0003,Hamburg-Innenstadt,53.57014241235319,9.973732238576897,45-54,single,5,True,True,car,Hamburg Hauptbahnhof,U1,2.9184461609421617,38.91261547922882,6.0,33.947307137750585,0,0.0,12.0,90.8599226169794,0.0,2.9113435594428694,30.0,20.0,9.9,Low potential,>60 min
EMP0004,Quickborn,53.74643106254758,9.91031142333691,45-54,couple_no_children,5,True,True,car,Quickborn,AKN-A1,1.5626875586375324,20.8358341151671,6.0,13.953226264952615,1,5.0,12.0,57.789060380119714,50.82981957506898,31.309789550189734,30.0,20.0,36.2,Low potential,46-60 min
EMP0005,Norderstedt,53.72117960600464,9.991391267546945,25-34,couple_no_children,3,True,True,bike,Friedrichsgabe,AKN-A1,2.9858047468581943,39.810729958109256,6.0,5.129484430923044,1,5.0,12.0,67.94021438903229,34.81099699985588,0.0,30.0,50.0,25.7,Low potential,>60 min
EMP0006,Henstedt-Ulzburg,53.81657463140022,9.949927914875545,25-34,family_with_children,5,True,True,car,Kaltenkirchen,AKN-A1,2.3919930701191303,31.89324093492174,6.0,24.06695234142107,1,5.0,12.0,78.9601932763428,17.42114295730731,1.7048894307713454,30.0,20.0,15.6,Low potential,>60 min
EMP0007,Kaltenkirchen,53.85187205077488,9.973724307936497,35-44,couple_no_children,5,False,False,public_transport,Kaltenkirchen,AKN-A1,1.8329691407540747,24.43958854338766,6.0,30.398174614151888,1,5.0,12.0,77.83776315753954,19.192371027573873,21.661162919958826,100.0,100.0,48.2,Medium potential,>60 min
EMP0008,Kaltenkirchen,53.82088474170903,9.934516406535277,25-34,couple_no_children,5,True,True,mixed,Kaltenkirchen,AKN-A1,2.556949981818143,34.092666424241905,6.0,25.306413420391916,1,5.0,12.0,82.39907984463382,11.994477797329283,0.0,30.0,80.0,22.2,Low potential,>60 min
EMP0009,Norderstedt,53.69096126527417,9.914691226970135,25-34,couple_no_children,5,True,False,mixed,Hasloh,AKN-A1,2.581068843791122,34.41425125054829,6.0,9.295756587254886,1,5.0,12.0,66.71000783780318,36.75229948208618,0.0,100.0,80.0,44.9,Low potential,>60 min
EMP0010,Fuhlsbüttel,53.63008443144462,10.033303695394823,25-34,single,5,True,True,public_transport,Ohlsdorf,U1,1.3720535633298496,18.29404751106466,6.0,18.5148551861457,0,0.0,12.0,54.80890269721036,55.53259692696112,58.11512282280582,30.0,100.0,57.9,Medium potential,46-60 min
EMP0011,Langenhorn (Hamburg),53.622015069276934,9.969469621535483,25-34,couple_no_children,5,True,True,car,Fuhlsbüttel Nord,U1,2.1764979185769104,29.019972247692138,6.0,20.15257590199537,0,0.0,12.0,67.17254814968751,36.0223971297572,29.39772681012104,30.0,20.0,30.4,Low potential,>60 min
EMP0012,Henstedt-Ulzburg,53.771080229276755,9.854033464078634,35-44,couple_no_children,5,True,True,car,Quickborn,AKN-A1,5.4796857773526435,73.06247703136859,6.0,21.87106607848094,1,5.0,12.0,117.93354310984952,0.0,0.0,30.0,20.0,9.0,Low potential,>60 min
EMP0013,Quickborn,53.74607628484403,9.906151012590172,45-54,couple_no_children,2,True,True,mixed,Quickborn,AKN-A1,1.498500330173442,19.980004402312563,6.0,14.241584844527504,1,5.0,12.0,57.22158924684007,51.72530588062405,33.601172473989166,30.0,80.0,46.2,Medium potential,46-60 min
EMP0014,Hamburg-Innenstadt,53.51561307821687,9.95456186639767,18-24,single,5,False,False,mixed,Hamburg Hauptbahnhof,U1,5.390954159502136,71.87938879336181,6.0,48.992500021868665,0,0.0,12.0,138.87188881523048,0.0,0.0,100.0,80.0,32.0,Low potential,>60 min
EMP0015,Fuhlsbüttel,53.633291464038614,10.039764545446975,35-44,family_with_children,5,True,True,car,Ohlsdorf,U1,1.9203018506501257,25.60402467533501,6.0,18.07341729374673,0,0.0,12.0,61.67744196908174,44.693837919818705,38.54352277668806,30.0,20.0,36.2,Low potential,>60 min
EMP0016,Langenhorn (Hamburg),53.61418653270566,10.004860287519808,45-54,family_with_children,5,True,True,car,Ohlsdorf,U1,1.231478202220175,16.419709362935667,6.0,21.869623699340348,0,0.0,12.0,56.289333062276015,53.19643383337358,63.1334417261349,30.0,20.0,46.6,Medium potential,46-60 min
EMP0017,Ohlsdorf,53.590962575400866,10.027465553603964,45-54,single,4,True,False,public_transport,Alsterdorf,U1,2.2484661604775757,29.979548806367678,6.0,28.57056105126229,0,0.0,12.0,76.55010985762996,21.224326185729215,26.82857396627596,100.0,100.0,50.5,Medium potential,>60 min
EMP0018,Norderstedt,53.70198056521013,10.00180308036876,45-54,couple_no_children,2,True,True,car,Norderstedt Mitte,U1,1.5389706624086068,20.51960883211476,6.0,2.188882054474816,0,0.0,12.0,40.70849088658957,77.78346562952056,52.15644537760073,30.0,20.0,51.9,Medium potential,31-45 min
EMP0019,Hamburg-Innenstadt,53.53620322314624,10.081266118344026,35-44,family_with_children,5,True,True,public_transport,Hamburg Hauptbahnhof,U1,5.248656679754881,69.98208906339842,6.0,45.09795507362089,0,0.0,12.0,133.0800441370193,0.0,0.0,30.0,100.0,21.0,Low potential,>60 min
EMP0020,Quickborn,53.74430406696726,9.96218042611483,45-54,single,5,True,True,car,Quickborn,AKN-A1,3.9112144722321487,52.14952629642865,6.0,10.305080760148032,1,5.0,12.0,85.45460705657668,7.172765089702715,0.0,30.0,20.0,11.5,Low potential,>60 min
EMP0021,Kaltenkirchen,53.82771178654986,9.938214724131692,25-34,family_with_children,4,False,False,public_transport,Kaltenkirchen,AKN-A1,1.897825066204346,25.304334216057946,6.0,26.46554599507832,1,5.0,12.0,74.76988021113627,24.033581451217177,19.34590856734099,100.0,100.0,49.2,Medium potential,>60 min
EMP0022,Langenhorn (Hamburg),53.66484479809177,9.982249544891447,25-34,family_with_children,4,True,True,car,Garstedt,U1,1.2659038713001332,16.878718284001778,6.0,8.383370076160741,0,0.0,12.0,43.26208836016252,73.7538129593155,61.90449958051294,30.0,20.0,53.4,Medium potential,31-45 min
EMP0023,Henstedt-Ulzburg,53.79371019119393,9.919152955926823,25-34,family_with_children,4,True,False,public_transport,Henstedt-Ulzburg,AKN-A1,3.7746519328872523,50.3286924384967,6.0,20.99257414156914,1,5.0,12.0,94.32126658006584,0.0,0.0,100.0,100.0,35.0,Low potential,>60 min
EMP0024,Hamburg-Innenstadt,53.525030976751495,10.00609062411921,35-44,family_with_children,5,True,True,car,Hamburg Hauptbahnhof,U1,3.088241937910756,41.17655917214341,6.0,46.01594040147889,0,0.0,12.0,105.19249957362231,0.0,0.0,30.0,20.0,9.0,Low potential,>60 min
EMP0025,Kaltenkirchen,53.81582896438355,9.991757550470176,25-34,single,4,False,False,public_transport,Henstedt-Ulzburg,AKN-A1,2.3539823678317116,31.386431571089485,6.0,23.350942955585538,1,5.0,12.0,77.73737452667503,19.350787269212542,3.0618116133787794,100.0,100.0,42.7,Low potential,>60 min
EMP0026,Norderstedt,53.68762109922539,9.96023392954198,25-34,couple_no_children,5,True,False,public_transport,Friedrichsgabe,AKN-A1,1.2728407466785931,16.971209955714578,6.0,4.293054155443974,1,5.0,12.0,44.26426411115855,72.17234985371277,41.6568640591316,100.0,100.0,72.8,High potential,31-45 min
EMP0027,Fuhlsbüttel,53.61578049178891,10.050353719760766,45-54,couple_no_children,3,True,True,mixed,Ohlsdorf,U1,2.056917796042626,27.42557061390168,6.0,23.10945684264435,0,0.0,12.0,68.53502745654603,33.87236430986268,33.66654877607015,30.0,80.0,40.0,Low potential,>60 min
EMP0028,Norderstedt,53.68506199141522,10.030672229273666,25-34,single,4,False,False,public_transport,Garstedt,U1,2.7476470146647265,36.635293528863016,6.0,6.161944307012386,0,0.0,12.0,60.7972378358754,46.082826189272794,9.008603973149409,100.0,100.0,53.8,Medium potential,>60 min
EMP0029,Norderstedt,53.67134409016384,9.958330382999717,25-34,couple_no_children,4,True,True,car,Garstedt,U1,2.3187637222172137,30.91684962956285,6.0,8.743197183431084,0,0.0,12.0,57.66004681299393,51.03340681645737,24.319061771882676,30.0,20.0,34.2,Low potential,46-60 min
EMP0030,Quickborn,53.7078851875102,9.812786839343365,25-34,family_with_children,5,False,False,public_transport,Quickborn,AKN-A1,6.726735473644654,89.68980631526205,6.0,21.04719204481927,1,5.0,12.0,133.73699836008132,0.0,0.0,100.0,100.0,35.0,Low potential,>60 min
EMP0031,Kaltenkirchen,53.77217683930362,9.960729238981513,35-44,single,4,True,True,car,Henstedt-Ulzburg,AKN-A1,2.9147292480586264,38.863056640781686,6.0,15.461766025722719,1,5.0,12.0,77.3248226665044,20.0018063597854,0.0,30.0,20.0,16.0,Low potential,>60 min
EMP0032,Henstedt-Ulzburg,53.74115544783646,10.009425818523443,25-34,couple_no_children,5,True,True,car,Tanneneck,AKN-A1,5.383791846906016,71.78389129208021,6.0,9.085663307622765,1,5.0,12.0,103.86955459970298,0.0,0.0,30.0,20.0,9.0,Low potential,>60 min
EMP0033,Langenhorn (Hamburg),53.64149566706716,9.963090152279934,25-34,family_with_children,5,True,False,public_transport,Fuhlsbüttel Nord,U1,2.961416863216064,39.485558176214184,6.0,15.352716653646324,0,0.0,12.0,72.83827482986051,27.081712122943415,1.377357192214479,100.0,100.0,44.9,Low potential,>60 min
EMP0034,Langenhorn (Hamburg),53.62637566933227,10.030025552833846,25-34,couple_no_children,4,True,True,car,Ohlsdorf,U1,0.9201852466074822,12.269136621433097,6.0,19.31254044153131,0,0.0,12.0,49.58167706296441,63.781314257234534,74.24610977331547,30.0,20.0,53.6,Medium potential,46-60 min
EMP0035,Fuhlsbüttel,53.65011693373126,10.01590821926378,45-54,couple_no_children,5,True,False,public_transport,Kiwittsmoor,U1,0.4296152870354088,5.728203827138784,6.0,12.503464898632817,0,0.0,12.0,36.2316687257716,84.84802398731533,91.75868439587134,100.0,100.0,92.2,High potential,31-45 min
EMP0036,Norderstedt,53.69859147204859,9.957987022364323,55-64,family_with_children,2,True,False,bike,Tanneneck,AKN-A1,0.7392261037342692,9.856348049790256,6.0,4.390882251380576,1,5.0,12.0,37.24723030117083,83.24543765316643,60.70606605756345,100.0,50.0,74.8,High potential,31-45 min
EMP0037,Norderstedt,53.6697212344778,10.002781358849132,35-44,couple_no_children,4,True,True,car,Garstedt,U1,0.8039727216386275,10.719636288515034,6.0,6.859720066355662,0,0.0,12.0,35.5793563548707,85.87739228612193,78.39471381211149,30.0,20.0,62.6,Medium potential,31-45 min
EMP0038,Fuhlsbüttel,53.60117082958624,10.047585850384865,35-44,single,4,True,True,car,Ohlsdorf,U1,2.8077263238577204,37.436350984769604,6.0,26.675293258997677,0,0.0,12.0,82.11164424376727,12.448059714029435,6.86386729495635,30.0,20.0,15.4,Low potential,>60 min
EMP0039,Langenhorn (Hamburg),53.647233807726955,10.025467386538027,45-54,single,2,True,True,car,Kiwittsmoor,U1,0.4859081442594121,6.4787752567921615,6.0,13.71318933583296,0,0.0,12.0,38.19196459262512,81.75461887707074,89.7491180870982,30.0,20.0,64.5,Medium potential,31-45 min
EMP0040,Quickborn,53.74838205308242,9.852123870772374,55-64,family_with_children,5,True,True,car,Quickborn,AKN-A1,3.9598627541055866,52.798170054741156,6.0,19.38844823705866,1,5.0,12.0,95.18661829179982,0.0,0.0,30.0,20.0,9.0,Low potential,>60 min
EMP0041,Fuhlsbüttel,53.62223460025287,9.924363374724475,35-44,single,5,True,False,public_transport,Fuhlsbüttel Nord,U1,5.099554291018939,67.99405721358585,6.0,22.75484500789093,0,0.0,12.0,108.74890222147678,0.0,0.0,100.0,100.0,35.0,Low potential,>60 min
EMP0042,Hamburg-Innenstadt,53.529357855972776,9.965939087725472,55-64,couple_no_children,5,True,True,car,Hamburg Hauptbahnhof,U1,3.7576896687672843,50.10252891689712,6.0,45.072202112555246,0,0.0,12.0,113.17473102945237,0.0,0.0,30.0,20.0,9.0,Low potential,>60 min
EMP0043,Quickborn,53.70206364929895,9.860904131918138,55-64,single,5,False,False,public_transport,Quickborn,AKN-A1,4.513742305916682,60.183230745555754,6.0,15.469336759255043,1,5.0,12.0,98.6525675048108,0.0,0.0,100.0,100.0,35.0,Low potential,>60 min
EMP0044,Langenhorn (Hamburg),53.67480583012048,9.942708176581965,45-54,couple_no_children,5,True,False,public_transport,Friedrichsgabe,AKN-A1,3.0980346388365385,41.307128517820516,6.0,7.180971263595917,1,5.0,12.0,71.48809978141642,29.212328457550917,0.0,100.0,100.0,45.2,Medium potential,>60 min
EMP0045,Hamburg-Innenstadt,53.552304541144636,10.028422884570608,35-44,family_with_children,4,True,True,mixed,Hamburg Hauptbahnhof,U1,1.4228548511244186,18.971398014992246,6.0,38.94706704211258,0,0.0,12.0,75.91846505710483,22.221080444534113,56.3015968902347,30.0,80.0,42.7,Low potential,>60 min
EMP0046,Hamburg-Innenstadt,53.504154005518274,9.989562311259194,25-34,couple_no_children,2,True,True,mixed,Hamburg Hauptbahnhof,U1,5.529252718819335,73.7233695842578,6.0,51.65526572020307,0,0.0,12.0,143.37863530446086,0.0,0.0,30.0,80.0,18.0,Low potential,>60 min
EMP0047,Fuhlsbüttel,53.61822715912313,9.983725249910236,18-24,family_with_children,3,True,True,mixed,Fuhlsbüttel Nord,U1,1.5389921028040898,20.519894704054533,6.0,20.81909352185968,0,0.0,12.0,59.338988225914214,48.383987392406226,52.155679989263135,30.0,80.0,50.6,Medium potential,46-60 min
EMP0048,Langenhorn (Hamburg),53.59803203050964,10.005938194029001,35-44,single,5,True,True,car,Alsterdorf,U1,0.6353425199981875,8.471233599975832,6.0,26.25028295126362,0,0.0,12.0,52.72151655123945,58.82655427298387,84.41454631963173,30.0,20.0,54.9,Medium potential,46-60 min
EMP0049,Quickborn,53.71470361587556,9.892269413421413,35-44,couple_no_children,5,True,False,public_transport,Quickborn,AKN-A1,2.1881619747500003,29.17549299666667,6.0,12.436028515935794,1,5.0,12.0,64.61152151260247,40.06377324067435,8.981338382441724,100.0,100.0,51.7,Medium potential,>60 min
EMP0050,Norderstedt,53.70389065847552,10.011217088255364,35-44,family_with_children,2,True,True,car,Norderstedt Mitte,U1,2.102545529431274,28.033940392416987,6.0,3.499415523293606,0,0.0,12.0,49.533355915710594,63.85756646302414,32.03771058442098,30.0,20.0,41.0,Low potential,46-60 min
EMP0051,Norderstedt,53.71334340100103,9.999242977392372,35-44,couple_no_children,5,False,False,public_transport,Friedrichsgabe,AKN-A1,2.6092947639384505,34.79059685251267,6.0,3.6134799838656066,1,5.0,12.0,61.40407683637828,45.125216219781606,0.0,100.0,100.0,50.8,Medium potential,>60 min
EMP0052,Norderstedt,53.69715521187471,9.918090118833288,35-44,single,5,True,False,car,Hasloh,AKN-A1,1.856903786516593,24.75871715355457,6.0,8.891840639719119,1,5.0,12.0,56.65055779327369,52.6264104773541,20.806733777281245,100.0,20.0,47.7,Medium potential,46-60 min
EMP0053,Kaltenkirchen,53.800863755025944,10.028591331720015,45-54,family_with_children,5,True,False,public_transport,Henstedt-Ulzburg,AKN-A1,3.458759718863476,46.116796251513016,6.0,20.798273894186643,1,5.0,12.0,89.91507014569966,0.1340218330035614,0.0,100.0,100.0,35.0,Low potential,>60 min
EMP0054,Quickborn,53.76195957359928,9.896406188244908,25-34,couple_no_children,5,False,False,public_transport,Quickborn,AKN-A1,3.326285447082957,44.35047262777276,6.0,17.226715905820086,1,5.0,12.0,84.57718853359285,8.557357583476644,0.0,100.0,100.0,38.0,Low potential,>60 min
EMP0055,Quickborn,53.751523877538155,9.848710910338967,25-34,couple_no_children,5,False,False,public_transport,Quickborn,AKN-A1,4.321060841907889,57.614144558771855,6.0,20.04255951808687,1,5.0,12.0,100.65670407685872,0.0,0.0,100.0,100.0,35.0,Low potential,>60 min
EMP0056,Kaltenkirchen,53.791120300000436,9.943796244936882,45-54,family_with_children,5,True,False,public_transport,Henstedt-Ulzburg,AKN-A1,2.2295454769267886,29.727273025690515,6.0,19.509837116830226,1,5.0,12.0,72.23711014252075,28.030367857702654,7.50401255791326,100.0,100.0,47.1,Medium potential,>60 min
EMP0057,Fuhlsbüttel,53.630350737154515,9.962869342101374,45-54,single,5,True,True,public_transport,Fuhlsbüttel Nord,U1,2.5487365995937905,33.98315466125054,6.0,18.2299814059676,0,0.0,12.0,70.21313606721813,31.224259072498306,16.109392391119282,30.0,100.0,36.8,Low potential,>60 min
EMP0058,Alsterdorf,53.60776700559127,9.957711827789932,55-64,single,3,True,False,public_transport,Alsterdorf,U1,2.784514518652498,37.12686024869998,6.0,24.347673018219325,0,0.0,12.0,79.47453326691931,16.60949917324612,7.692492168634457,100.0,100.0,43.1,Low potential,>60 min
EMP0059,Norderstedt,53.68245295645144,10.00266356128575,45-54,single,5,True,True,bike,Garstedt,U1,1.1093470195853088,14.791293594470785,6.0,3.4924142420467805,0,0.0,12.0,36.283707836517564,84.76590472468966,67.49333251826535,30.0,50.0,63.4,Medium potential,31-45 min
EMP0060,Norderstedt,53.699124449984424,9.94286120561612,55-64,couple_no_children,2,True,False,public_transport,Tanneneck,AKN-A1,1.0321414121372625,13.7618854951635,6.0,6.112137430219275,1,5.0,12.0,42.874022925382775,74.36619174323029,50.24945106024269,100.0,100.0,76.1,High potential,31-45 min
EMP0061,Quickborn,53.76609996147941,9.868591633622701,25-34,single,5,True,True,car,Quickborn,AKN-A1,4.467459641567271,59.56612855423028,6.0,20.002202025236983,1,5.0,12.0,102.56833057946727,0.0,0.0,30.0,20.0,9.0,Low potential,>60 min
EMP0062,Fuhlsbüttel,53.637680727131695,10.000328445493057,35-44,family_with_children,3,True,True,car,Langenhorn Nord,U1,0.6064088800920459,8.085451734560612,6.0,15.470743659642261,0,0.0,12.0,41.556195394202874,76.44576273468284,85.44743167690159,30.0,20.0,61.4,Medium potential,31-45 min
EMP0063,Alsterdorf,53.59193060636493,10.015671203600919,25-34,single,3,True,True,car,Alsterdorf,U1,1.5679913245863215,20.906550994484288,6.0,28.03497437236056,0,0.0,12.0,66.94152536684484,36.38695794382224,51.120453462346596,30.0,20.0,37.1,Low potential,>60 min
EMP0064,Kaltenkirchen,53.781229194190274,10.000338329334438,35-44,family_with_children,2,True,True,car,Henstedt-Ulzburg,AKN-A1,2.3306904513361997,31.07587268448266,6.0,16.685149342856242,1,5.0,12.0,70.7610220273389,30.35967875198311,3.8932963338981637,30.0,20.0,20.8,Low potential,>60 min
EMP0065,Quickborn,53.72648120757461,9.87332478626584,55-64,single,4,True,True,car,Quickborn,AKN-A1,2.2608492499307795,30.144656665743724,6.0,15.265588206684495,1,5.0,12.0,68.41024487242822,34.069274934379344,6.386517183393899,30.0,20.0,22.8,Low potential,>60 min
EMP0066,Ohlsdorf,53.61593801641124,10.053780661762923,25-34,couple_no_children,4,True,False,bike,Ohlsdorf,U1,2.2722202668550557,30.296270224734076,6.0,23.284214172634808,0,0.0,12.0,71.58048439736888,29.066542789209937,25.98058979518929,100.0,50.0,45.5,Medium potential,>60 min
EMP0067,Ohlsdorf,53.604983961846905,10.020248839637764,35-44,couple_no_children,3,True,True,car,Alsterdorf,U1,1.4652086374459308,19.536115165945745,6.0,24.629064447512693,0,0.0,12.0,62.165179613458434,43.9241734283074,54.789633450503736,30.0,20.0,40.8,Low potential,>60 min
EMP0068,Langenhorn (Hamburg),53.61569192139857,10.048434946256453,25-34,family_with_children,4,True,True,car,Ohlsdorf,U1,1.937515407672786,25.83353876897048,6.0,23.016906466219197,0,0.0,12.0,66.85044523518968,36.53068509719122,37.929025912383686,30.0,20.0,33.2,Low potential,>60 min
EMP0069,Norderstedt,53.681947904154356,9.991148473873162,25-34,couple_no_children,4,False,False,mixed,Garstedt,U1,0.872060418080163,11.62747224106884,6.0,3.5394400604936522,0,0.0,12.0,33.16691230156249,89.6843006660601,75.96409032703212,100.0,80.0,86.2,High potential,31-45 min
EMP0070,Fuhlsbüttel,53.60869970834181,9.974095173406901,25-34,couple_no_children,5,False,False,car,Alsterdorf,U1,1.7955208931807254,23.940278575743005,6.0,23.57106500608244,0,0.0,12.0,65.51134358182544,38.64382728541757,42.99800635546861,100.0,20.0,49.4,Medium potential,>60 min
EMP0071,Norderstedt,53.709970881204164,9.92804979192539,18-24,family_with_children,5,False,False,public_transport,Hasloh,AKN-A1,0.3438356232920748,4.584474977227664,6.0,8.282149255269728,1,5.0,12.0,35.866624232497394,85.42407504167664,74.82088323844475,100.0,100.0,87.3,High potential,31-45 min
EMP0072,Fuhlsbüttel,53.64771267291568,9.989488980533261,55-64,couple_no_children,5,False,False,public_transport,Langenhorn Nord,U1,1.5773490636977556,21.03132084930341,6.0,12.776887331543124,0,0.0,12.0,51.808208180846535,60.26778201210949,50.7863969199722,100.0,100.0,71.3,High potential,46-60 min
EMP0073,Hamburg-Innenstadt,53.564934919782814,9.984113273533273,35-44,single,3,False,False,public_transport,Hamburg Hauptbahnhof,U1,2.0213630004674608,26.951506672899477,6.0,35.222251483555,0,0.0,12.0,80.17375815645448,15.506101526456128,34.93579895853739,100.0,100.0,50.9,Medium potential,>60 min
EMP0074,Langenhorn (Hamburg),53.62861426932668,10.05084868680732,45-54,family_with_children,4,True,True,car,Ohlsdorf,U1,2.2134310539623896,29.51241405283186,6.0,19.96774910909114,0,0.0,12.0,67.480163161923,35.53697150246933,28.079272068115703,30.0,20.0,29.9,Low potential,>60 min
EMP0075,Norderstedt,53.647652115220374,9.99917538287819,45-54,couple_no_children,5,True,False,public_transport,Langenhorn Nord,U1,1.1140453749485324,14.853938332647099,6.0,12.762605661711827,0,0.0,12.0,45.61654399435892,70.03841202733385,67.32560863445168,100.0,100.0,79.7,High potential,46-60 min
EMP0076,Langenhorn (Hamburg),53.682309433935146,10.049580041976514,25-34,single,3,True,False,bike,Garstedt,U1,3.8212734184786936,50.95031224638258,6.0,9.247128800827525,0,0.0,12.0,78.1974410472101,18.624788633118893,0.0,100.0,50.0,34.0,Low potential,>60 min
EMP0077,Langenhorn (Hamburg),53.65576457168737,10.01207863517379,25-34,couple_no_children,4,True,True,car,Ochsenzoll,U1,0.427529015222278,5.700386869630373,6.0,10.867958192804789,0,0.0,12.0,34.568345062435164,87.47279813858388,91.83316101250368,30.0,20.0,67.2,Medium potential,31-45 min
EMP0078,Quickborn,53.70664844952079,9.999662616521311,45-54,single,5,True,False,public_transport,Norderstedt Mitte,U1,1.9298890386428476,25.7318538485713,6.0,3.294278569789223,0,0.0,12.0,47.026132418360525,67.81403962116889,38.20127527076765,100.0,100.0,70.2,High potential,46-60 min
EMP0079,Ohlsdorf,53.64251886840512,9.994806535657276,25-34,single,5,True,False,public_transport,Langenhorn Nord,U1,0.9940443449201853,13.253924598935805,6.0,14.144159872740072,0,0.0,12.0,45.39808447167587,70.38314764366407,71.60945633476372,100.0,100.0,81.1,High potential,46-60 min
EMP0080,Kaltenkirchen,53.80497750057887,9.965917652109951,55-64,family_with_children,4,False,False,mixed,Henstedt-Ulzburg,AKN-A1,1.1493674872636457,15.324899830181945,6.0,21.52760004557143,1,5.0,12.0,59.852499875753374,47.57365075463517,46.064664877756286,100.0,80.0,62.5,Medium potential,46-60 min
EMP0081,Quickborn,53.72718474781373,9.974698534323403,25-34,single,5,True,False,bike,Tanneneck,AKN-A1,2.7866659067396298,37.155545423195065,6.0,6.711933037699605,1,5.0,12.0,66.86747846089467,36.503806161041474,0.0,100.0,50.0,40.3,Low potential,>60 min
EMP0082,Fuhlsbüttel,53.63281897225979,10.06728890578613,35-44,family_with_children,4,False,False,mixed,Ohlsdorf,U1,3.3939240618420676,45.252320824560904,6.0,20.316125268787868,0,0.0,12.0,83.56844609334877,10.14918311978218,0.0,100.0,80.0,35.6,Low potential,>60 min
EMP0083,Hamburg-Innenstadt,53.568078717791295,10.015015744200273,45-54,family_with_children,5,True,True,public_transport,Hamburg Hauptbahnhof,U1,1.7814717541528673,23.75295672203823,6.0,34.45642120775873,0,0.0,12.0,76.20937792979696,21.762011289597705,43.49953848316483,30.0,100.0,41.7,Low potential,>60 min
EMP0084,Norderstedt,53.68134127549282,9.95152187814313,25-34,couple_no_children,2,True,True,public_transport,Friedrichsgabe,AKN-A1,2.1699646194386544,28.93286159251539,6.0,5.681981667726581,1,5.0,12.0,57.614843260241976,51.104739365512096,9.630955295595353,30.0,100.0,41.8,Low potential,46-60 min
EMP0085,Norderstedt,53.64406189200171,9.93341637050533,25-34,family_with_children,3,True,False,public_transport,Fuhlsbüttel Nord,U1,4.837764164903246,64.50352219870994,6.0,17.001133049061124,0,0.0,12.0,99.50465524777107,0.0,0.0,100.0,100.0,35.0,Low potential,>60 min
EMP0086,Norderstedt,53.65522745877866,10.009349381202917,55-64,family_with_children,5,True,True,bike,Ochsenzoll,U1,0.35109430481573045,4.681257397543073,6.0,10.914299542425745,0,0.0,12.0,33.595556939968816,89.00788669338085,94.56175974471253,30.0,50.0,73.0,High potential,31-45 min
EMP0087,Kaltenkirchen,53.861741344130216,9.992569799262256,25-34,family_with_children,4,True,False,public_transport,Kaltenkirchen,AKN-A1,3.4009657653642105,45.346210204856135,6.0,32.19747181776548,1,5.0,12.0,100.54368202262162,0.0,0.0,100.0,100.0,35.0,Low potential,>60 min
EMP0088,Fuhlsbüttel,53.58878859789838,9.989353690114585,35-44,couple_no_children,5,True,True,car,Alsterdorf,U1,1.5727899430316215,20.97053257375495,6.0,28.725280404047833,0,0.0,12.0,67.69581297780279,35.19666968693951,50.94915034447571,30.0,20.0,36.6,Low potential,>60 min
EMP0089,Norderstedt,53.7196176177886,9.991390689501879,35-44,single,4,False,False,bike,Friedrichsgabe,AKN-A1,2.83381657913427,37.7842210551236,6.0,4.830049536350153,1,5.0,12.0,65.61427059147375,38.48140540665326,0.0,100.0,50.0,41.0,Low potential,>60 min
EMP0090,Ohlsdorf,53.62247954671588,10.006761071332472,25-34,couple_no_children,5,True,False,public_transport,Fuhlsbüttel Nord,U1,0.6586682446377999,8.782243261837333,6.0,19.65206639218801,0,0.0,12.0,46.43430965402534,68.74795352391668,83.58185470163552,100.0,100.0,84.1,High potential,46-60 min
EMP0091,Norderstedt,53.709061823918276,9.958848052669254,45-54,couple_no_children,5,True,True,car,Tanneneck,AKN-A1,0.5178206928877215,6.90427590516962,6.0,5.053172628216368,1,5.0,12.0,34.957448533385985,86.85878130275533,68.60989038196779,30.0,20.0,60.0,Medium potential,31-45 min
EMP0092,Quickborn,53.7348980021901,9.890423278593254,45-54,single,4,True,True,car,Quickborn,AKN-A1,1.0623433206933923,14.164577609245232,6.0,14.30986915957111,1,5.0,12.0,51.47444676881634,60.794467434975715,49.171290510432,30.0,20.0,45.0,Medium potential,46-60 min
EMP0093,Fuhlsbüttel,53.587287580171235,10.01151669045728,25-34,couple_no_children,5,True,False,public_transport,Alsterdorf,U1,1.8219422615292784,24.292563487057045,6.0,29.22079210184393,0,0.0,12.0,71.51335558890098,29.172474043093843,42.05480513450984,100.0,100.0,57.8,Medium potential,>60 min
EMP0094,Fuhlsbüttel,53.631122538447535,9.986977929097554,45-54,single,4,True,False,mixed,Fuhlsbüttel Nord,U1,1.0250850294402445,13.667800392536593,6.0,17.29137976926448,0,0.0,12.0,48.95918016180107,64.76363285909994,70.50135280460272,100.0,80.0,75.8,High potential,46-60 min
EMP0095,Langenhorn (Hamburg),53.66668191983021,9.978489725754391,25-34,family_with_children,4,True,False,public_transport,Garstedt,U1,1.2798023151662716,17.06403086888362,6.0,8.09195692881152,0,0.0,12.0,43.15598779769514,73.92124279870154,61.40834703265723,100.0,100.0,79.3,High potential,31-45 min
EMP0096,Quickborn,53.73437902514279,9.892257129298837,18-24,single,3,True,False,mixed,Quickborn,AKN-A1,0.9317772745418863,12.423696993891818,6.0,14.079939780875282,1,5.0,12.0,49.5036367747671,63.90446415026675,53.83229264027071,100.0,80.0,70.5,High potential,46-60 min
EMP0097,Langenhorn (Hamburg),53.62372070001968,9.969421301775919,35-44,single,5,True,True,car,Fuhlsbüttel Nord,U1,2.1352180017137314,28.469573356183087,6.0,19.702554255770725,0,0.0,12.0,66.17212761195381,37.60109045669178,30.87135480216101,30.0,20.0,31.4,Low potential,>60 min
EMP0098,Norderstedt,53.67269549024133,10.037394026831231,55-64,single,5,True,True,public_transport,Ochsenzoll,U1,2.594790684178146,34.597209122375276,6.0,8.940580732507705,0,0.0,12.0,61.53778985488298,44.914213104515845,14.465334133535467,30.0,100.0,41.1,Low potential,>60 min
EMP0099,Norderstedt,53.655059832071146,9.965440259051617,18-24,single,5,True,True,car,Ochsenzoll,U1,2.7450180758700107,36.60024101160014,6.0,11.80464512076077,0,0.0,12.0,66.4048861323609,37.23379059718845,9.102452946006922,30.0,20.0,24.8,Low potential,>60 min
EMP0100,Henstedt-Ulzburg,53.825244089220604,9.941364828734477,25-34,single,5,True,True,bike,Kaltenkirchen,AKN-A1,1.8977258746069463,25.30301166142595,6.0,25.916753545142928,1,5.0,12.0,74.21976520656888,24.90167927008492,19.349449551083474,30.0,50.0,28.0,Low potential,>60 min
EMP0101,Henstedt-Ulzburg,53.79687325329519,9.980445553001974,35-44,single,5,True,True,car,Henstedt-Ulzburg,AKN-A1,0.26639920729047656,3.5519894305396873,6.0,19.771307140070814,1,5.0,12.0,46.3232965706105,68.92313546728866,77.58524128212565,30.0,20.0,56.4,Medium potential,46-60 min
EMP0102,Quickborn,53.75813334411614,9.862345837566094,45-54,single,4,True,False,public_transport,Quickborn,AKN-A1,4.042171311919735,53.895617492263135,6.0,19.529749033597327,1,5.0,12.0,96.42536652586045,0.0,0.0,100.0,100.0,35.0,Low potential,>60 min
EMP0103,Langenhorn (Hamburg),53.62418522803445,10.02369439580538,25-34,single,5,True,True,car,Ohlsdorf,U1,0.470137510991786,6.268500146557147,6.0,19.626614762340868,0,0.0,12.0,43.895114908898016,72.75487826078857,90.31210484679539,30.0,20.0,61.6,Medium potential,31-45 min
EMP0104,Henstedt-Ulzburg,53.77918964318355,9.913687849494988,25-34,couple_no_children,5,True,True,car,Henstedt-Ulzburg,AKN-A1,4.556591904378853,60.75455872505137,6.0,18.78892758974684,1,5.0,12.0,102.5434863147982,0.0,0.0,30.0,20.0,9.0,Low potential,>60 min
EMP0105,Kaltenkirchen,53.830899185412065,9.945134828400125,45-54,couple_no_children,4,True,True,car,Kaltenkirchen,AKN-A1,1.3265560938671477,17.6874145848953,6.0,26.88040179820635,1,5.0,12.0,67.56781638310164,35.39865211563175,39.73931079754047,30.0,20.0,33.3,Low potential,>60 min
EMP0106,Quickborn,53.72446327871614,9.833450889616113,25-34,couple_no_children,5,True,True,public_transport,Quickborn,AKN-A1,4.86406022893684,64.85413638582455,6.0,19.3993523819287,1,5.0,12.0,107.25348876775325,0.0,0.0,30.0,100.0,21.0,Low potential,>60 min
EMP0107,Fuhlsbüttel,53.62642325860841,9.998675747714216,25-34,couple_no_children,4,True,True,bike,Fuhlsbüttel Nord,U1,0.1987559217008076,2.650078956010768,6.0,18.51096106744898,0,0.0,12.0,39.16104002345975,80.22538905995745,100.0,30.0,50.0,71.6,High potential,31-45 min
EMP0108,Langenhorn (Hamburg),53.659485894520785,10.025011991305387,25-34,single,4,True,False,bike,Ochsenzoll,U1,1.2113719228618727,16.151625638158304,6.0,10.627285246959756,0,0.0,12.0,44.77891088511806,71.36022195635991,63.851204220094715,100.0,50.0,71.6,High potential,31-45 min
EMP0109,Norderstedt,53.62213133248104,9.983421180848822,35-44,single,4,False,False,public_transport,Fuhlsbüttel Nord,U1,1.310673137359826,17.475641831464348,6.0,19.77072502877268,0,0.0,12.0,55.24636686023703,54.84226548243907,60.30630731992011,100.0,100.0,72.3,High potential,46-60 min
EMP0110,Henstedt-Ulzburg,53.79626275923423,10.021542648034767,35-44,single,3,True,True,car,Henstedt-Ulzburg,AKN-A1,2.965275361586157,39.53700482114876,6.0,19.792012853736384,1,5.0,12.0,82.32901767488515,12.105037982452371,0.0,30.0,20.0,13.2,Low potential,>60 min
EMP0111,Fuhlsbüttel,53.62907071816273,9.996028526002213,45-54,family_with_children,4,False,False,mixed,Fuhlsbüttel Nord,U1,0.3883328530575744,5.177771374100993,6.0,17.788041796768944,0,0.0,12.0,40.965813170869936,77.37740342093653,93.2324022449386,100.0,80.0,87.1,High potential,31-45 min
EMP0112,Norderstedt,53.676659110181696,9.992427833775599,35-44,family_with_children,5,True,True,public_transport,Garstedt,U1,0.2781308185942647,3.708410914590196,6.0,4.921425883651925,0,0.0,12.0,26.62983679824212,100.0,97.16644124271919,30.0,100.0,85.1,High potential,<=30 min
EMP0113,Langenhorn (Hamburg),53.65071248493098,10.05951637604563,45-54,family_with_children,5,True,False,public_transport,Kiwittsmoor,U1,2.7631256652266907,36.84167553635587,6.0,15.699505482864108,0,0.0,12.0,70.54118101921998,30.7065943933694,8.456040536001074,100.0,100.0,48.3,Medium potential,>60 min
EMP0114,Alsterdorf,53.61412705208436,10.053252227510226,55-64,couple_no_children,5,True,True,mixed,Ohlsdorf,U1,2.292347769455754,30.564636926076723,6.0,23.701993166967032,0,0.0,12.0,72.26663009304376,27.983784498860686,25.26206966491492,30.0,80.0,35.4,Low potential,>60 min
EMP0115,Norderstedt,53.74341385162719,9.958631672624112,35-44,couple_no_children,4,True,True,car,Quickborn,AKN-A1,3.6582475402074435,48.77663386943258,6.0,10.306336325865995,1,5.0,12.0,82.08297019529857,12.493308214301413,0.0,30.0,20.0,13.4,Low potential,>60 min
EMP0116,Hamburg-Innenstadt,53.545444536305475,9.944724790022802,35-44,single,4,True,True,public_transport,Hamburg Hauptbahnhof,U1,4.188223673471096,55.84298231294794,6.0,41.281988878052,0,0.0,12.0,115.12497119099993,0.0,0.0,30.0,100.0,21.0,Low potential,>60 min
EMP0117,Kaltenkirchen,53.86096675140363,9.960308653506779,55-64,family_with_children,4,True,True,mixed,Kaltenkirchen,AKN-A1,2.70328758356868,36.0438344475824,6.0,32.301300428389254,1,5.0,12.0,91.34513487597165,0.0,0.0,30.0,80.0,18.0,Low potential,>60 min
EMP0118,Quickborn,53.740528704319885,9.9016499679135,25-34,family_with_children,5,True,True,public_transport,Quickborn,AKN-A1,0.9289466720891676,12.385955627855568,6.0,13.913233809220717,1,5.0,12.0,49.29918943707628,64.2270881224347,53.9333406879809,30.0,100.0,59.7,Medium potential,46-60 min
EMP0119,Fuhlsbüttel,53.63076976449256,10.012828277898668,45-54,family_with_children,3,True,False,public_transport,Fuhlsbüttel Nord,U1,0.8534236620575331,11.378982160767109,6.0,17.539507146385766,0,0.0,12.0,46.918489307152875,67.98390364828988,76.62939315326587,100.0,100.0,81.8,High potential,46-60 min
EMP0120,Alsterdorf,53.59130996312333,9.995463813881054,45-54,family_with_children,5,True,True,car,Alsterdorf,U1,1.185829009616144,15.811053461548585,6.0,28.022717289082095,0,0.0,12.0,61.83377075063068,44.44714645864759,64.76304597796243,30.0,20.0,44.0,Low potential,>60 min
EMP0121,Alsterdorf,53.6031686339765,9.990926866542633,25-34,couple_no_children,5,True,True,car,Alsterdorf,U1,0.5349844902755525,7.133126537007366,6.0,24.82134066225855,0,0.0,12.0,49.95446719926592,63.193040348084864,87.99716985822636,30.0,20.0,57.5,Medium potential,46-60 min
EMP0122,Quickborn,53.71033362276048,9.868108331099895,35-44,family_with_children,5,False,False,bike,Quickborn,AKN-A1,3.5183117736377003,46.91082364850267,6.0,14.888699840805922,1,5.0,12.0,84.7995234893086,8.2065064186976,0.0,100.0,50.0,30.4,Low potential,>60 min
EMP0123,Norderstedt,53.698694690798725,10.000119162229126,25-34,family_with_children,5,True,True,car,Norderstedt Mitte,U1,1.181248364208413,15.749978189445509,6.0,1.2769755709552009,0,0.0,12.0,35.02695376040071,86.7490999898109,64.92656780182693,30.0,20.0,58.8,Medium potential,31-45 min
EMP0124,Fuhlsbüttel,53.63648017656554,10.040060797175004,25-34,single,4,True,False,bike,Kiwittsmoor,U1,1.8215469999061686,24.287293332082246,6.0,17.30012945980194,0,0.0,12.0,59.58742279188419,47.99195026733365,42.06891535168699,100.0,50.0,56.9,Medium potential,46-60 min
EMP0125,Norderstedt,53.67629702058447,9.961910713684633,35-44,family_with_children,5,True,True,bike,Garstedt,U1,2.0741011408145327,27.6546818775271,6.0,7.392174917331829,0,0.0,12.0,53.046856794858925,58.31315770402813,33.05313044151574,30.0,50.0,43.8,Low potential,46-60 min
EMP0126,Ohlsdorf,53.615330726370544,10.04657169738916,25-34,single,5,True,False,public_transport,Ohlsdorf,U1,1.8319178484425664,24.425571312567552,6.0,23.000419378616538,0,0.0,12.0,65.4259906911841,38.77851668233391,41.69869239908035,100.0,100.0,61.1,Medium potential,>60 min
EMP0127,Langenhorn (Hamburg),53.66175898240685,10.052397341595814,45-54,family_with_children,5,True,False,public_transport,Kiwittsmoor,U1,2.820941379259121,37.61255172345494,6.0,12.727193039591656,0,0.0,12.0,68.3397447630466,34.180526201252626,6.39211063855587,100.0,100.0,48.9,Medium potential,>60 min
EMP0128,Norderstedt,53.69937477949325,9.966543779116895,55-64,family_with_children,5,False,False,bike,Friedrichsgabe,AKN-A1,0.3085888882215062,4.114518509620083,6.0,3.4689389873198113,1,5.0,12.0,30.583457496939893,93.76106909160035,76.07913614627309,100.0,50.0,83.1,High potential,31-45 min
EMP0129,Norderstedt,53.65374328033796,10.034026647331183,45-54,single,5,True,False,public_transport,Kiwittsmoor,U1,1.3178486248020445,17.57131499736059,6.0,12.676782632767504,0,0.0,12.0,48.24809763012809,65.8857422174253,60.050153723815924,100.0,100.0,76.1,High potential,46-60 min
EMP0130,Alsterdorf,53.625410277409024,9.956092806670647,25-34,family_with_children,5,True,True,car,Fuhlsbüttel Nord,U1,2.982765874211804,39.770211656157386,6.0,19.838601088683472,0,0.0,12.0,77.60881274484086,19.553661579990077,0.6152311368261776,30.0,20.0,16.0,Low potential,>60 min
EMP0131,Norderstedt,53.682203527867166,9.942622428606013,25-34,single,4,True,True,car,Friedrichsgabe,AKN-A1,2.478438837043724,33.045851160582984,6.0,6.540454321884917,1,5.0,12.0,62.5863054824679,43.259624297088195,0.0,30.0,20.0,24.1,Low potential,>60 min
EMP0132,Henstedt-Ulzburg,53.75154731015883,9.961209746181895,25-34,family_with_children,5,True,True,car,Quickborn,AKN-A1,4.192082289270478,55.894430523606374,6.0,11.64898374828121,1,5.0,12.0,90.54341427188758,0.0,0.0,30.0,20.0,9.0,Low potential,>60 min
EMP0133,Alsterdorf,53.59063758229754,9.9896968051409,25-34,family_with_children,5,True,False,bike,Alsterdorf,U1,1.3760756529791187,18.347675373054916,6.0,28.22247579352443,0,0.0,12.0,64.57015116657935,40.12905687564212,57.971540559466916,100.0,50.0,58.9,Medium potential,>60 min
EMP0134,Langenhorn (Hamburg),53.64517317587999,10.005575537661928,55-64,couple_no_children,4,True,True,car,Langenhorn Nord,U1,0.6700022102503842,8.933362803338456,6.0,13.513259485926284,0,0.0,12.0,40.44662228926474,78.19670205514109,83.17724998688085,30.0,20.0,61.3,Medium potential,31-45 min
EMP0135,Alsterdorf,53.62134591529826,9.937942769478004,35-44,family_with_children,5,True,True,car,Fuhlsbüttel Nord,U1,4.225603381050784,56.34137841401046,6.0,21.953149603184922,0,0.0,12.0,96.29452801719538,0.0,0.0,30.0,20.0,9.0,Low potential,>60 min
EMP0136,Norderstedt,53.69114048362648,9.890432494972606,25-34,single,4,True,False,public_transport,Hasloh,AKN-A1,3.420848413686745,45.61131218248994,6.0,12.055772896842742,1,5.0,12.0,80.66708507933268,14.72761698743491,0.0,100.0,100.0,40.2,Low potential,>60 min
EMP0137,Henstedt-Ulzburg,53.809933575264694,9.977756177636945,45-54,single,5,True,True,car,Henstedt-Ulzburg,AKN-A1,1.4742008715914106,19.65601162121881,6.0,22.305946430045488,1,5.0,12.0,64.9619580512643,39.51077397263377,34.468624859530124,30.0,20.0,33.2,Low potential,>60 min
EMP0138,Ohlsdorf,53.619308515076064,10.022613665279028,25-34,couple_no_children,3,False,False,public_transport,Ohlsdorf,U1,0.20711044728560832,2.7614726304747776,6.0,20.879597466018534,0,0.0,12.0,41.64107009649331,76.31182793318926,99.70175659987926,100.0,100.0,91.6,High potential,31-45 min
EMP0139,Kaltenkirchen,53.84115636434461,9.95779214035023,18-24,single,4,True,False,bike,Kaltenkirchen,AKN-A1,0.5945637303571539,7.927516404762052,6.0,28.559599099572605,1,5.0,12.0,59.48711550433465,48.1502381468049,65.87028485940913,100.0,50.0,64.1,Medium potential,46-60 min
EMP0140,Norderstedt,53.68696079613015,10.043470256099784,25-34,couple_no_children,5,False,False,public_transport,Garstedt,U1,3.602020083646709,48.02693444862279,6.0,7.917610776535374,0,0.0,12.0,73.94454522515817,25.33598457640781,0.0,100.0,100.0,43.9,Low potential,>60 min
EMP0141,Ohlsdorf,53.62672527068482,10.035418910779194,35-44,single,4,False,False,public_transport,Ohlsdorf,U1,1.2192234959072012,16.256313278762683,6.0,19.48637935307051,0,0.0,12.0,53.742692631833194,57.2151080828541,63.57091543318917,100.0,100.0,74.1,High potential,46-60 min
EMP0142,Ohlsdorf,53.63559221170472,10.047945150153108,45-54,couple_no_children,4,True,True,bike,Kiwittsmoor,U1,2.3056402737086867,30.741870316115822,6.0,18.06961018100147,0,0.0,12.0,66.81148049711729,36.592172611352005,24.78754820654192,30.0,50.0,33.7,Low potential,>60 min
EMP0143,Henstedt-Ulzburg,53.77600304559692,10.055357424397508,25-34,couple_no_children,4,True,False,public_transport,Henstedt-Ulzburg,AKN-A1,5.674641456278114,75.6618860837082,6.0,17.07350234755497,1,5.0,12.0,115.73538843126317,0.0,0.0,100.0,100.0,35.0,Low potential,>60 min
EMP0144,Alsterdorf,53.61845678758316,9.963750154582323,55-64,family_with_children,4,True,True,car,Fuhlsbüttel Nord,U1,2.6624813566267242,35.49975142168966,6.0,21.300267924926402,0,0.0,12.0,74.80001934661607,23.98602100011995,12.048883779460018,30.0,20.0,21.0,Low potential,>60 min
EMP0145,Fuhlsbüttel,53.65274345968127,10.058371440903798,45-54,single,5,True,True,car,Kiwittsmoor,U1,2.737115441179898,36.49487254906531,6.0,15.16328458658797,0,0.0,12.0,69.65815713565328,32.10003231265536,9.384564553179365,30.0,20.0,23.1,Low potential,>60 min
EMP0146,Langenhorn (Hamburg),53.655664498343576,9.963322308891719,45-54,family_with_children,5,True,True,car,Garstedt,U1,2.8500475600395614,38.00063413386082,6.0,11.802375223637439,0,0.0,12.0,67.80300935749827,35.027510615415295,5.353065843926174,30.0,20.0,22.9,Low potential,>60 min
EMP0147,Langenhorn (Hamburg),53.65296124065102,9.998474496190367,25-34,couple_no_children,3,True,False,public_transport,Ochsenzoll,U1,0.78417092646084,10.4556123528112,6.0,11.320339424415845,0,0.0,12.0,39.77595177722705,79.25504004600661,79.10160670056734,100.0,100.0,86.5,High potential,31-45 min
EMP0148,Ohlsdorf,53.59918395881375,10.008266015858522,18-24,couple_no_children,5,True,True,public_transport,Alsterdorf,U1,0.6950121881299004,9.26682917506534,6.0,25.964598015802963,0,0.0,12.0,53.2314271908683,58.02190013629591,82.2844331819025,30.0,100.0,66.0,Medium potential,46-60 min
EMP0149,Fuhlsbüttel,53.6063751148442,10.007560012896727,45-54,couple_no_children,4,True,True,public_transport,Alsterdorf,U1,0.7749405617719929,10.332540823626571,6.0,24.012571099237093,0,0.0,12.0,52.345111922863666,59.42053195799848,79.4311161767445,30.0,100.0,65.6,Medium potential,46-60 min
EMP0150,Norderstedt,53.70671094868671,10.079160946965784,25-34,couple_no_children,5,False,False,public_transport,Norderstedt Mitte,U1,6.231371526434691,83.08495368579587,6.0,13.750580511945548,0,0.0,12.0,114.83553419774141,0.0,0.0,100.0,100.0,35.0,Low potential,>60 min
EMP0151,Hamburg-Innenstadt,53.495228186712055,10.007068084523024,35-44,single,4,True,False,public_transport,Hamburg Hauptbahnhof,U1,6.401712040107518,85.35616053476691,6.0,54.09428162107508,0,0.0,12.0,157.45044215584198,0.0,0.0,100.0,100.0,35.0,Low potential,>60 min
EMP0152,Hamburg-Innenstadt,53.528658139053995,10.06622004744503,45-54,couple_no_children,4,True,True,car,Hamburg Hauptbahnhof,U1,4.750858388498381,63.34477851331174,6.0,46.40235488938574,0,0.0,12.0,127.74713340269747,0.0,0.0,30.0,20.0,9.0,Low potential,>60 min
EMP0153,Norderstedt,53.696662279870175,9.96678601934133,25-34,single,4,False,False,public_transport,Friedrichsgabe,AKN-A1,0.23118461099814336,3.082461479975245,6.0,3.3438061163244353,1,5.0,12.0,29.42626759629968,95.58714913017616,78.84234688620832,100.0,100.0,92.1,High potential,<=30 min
EMP0154,Ohlsdorf,53.598240819085106,10.051217272323392,45-54,couple_no_children,5,True,True,car,Ohlsdorf,U1,3.2114215279780733,42.818953706374316,6.0,27.61339763269271,0,0.0,12.0,88.43235133906703,2.473796155363994,0.0,30.0,20.0,9.9,Low potential,>60 min
EMP0155,Norderstedt,53.70395238779522,9.908534448125499,55-64,couple_no_children,5,True,True,public_transport,Hasloh,AKN-A1,1.5777030147395177,21.0360401965269,6.0,10.127121991214699,1,5.0,12.0,54.1631621877416,56.55159463320475,30.773761425460883,30.0,100.0,50.0,Medium potential,46-60 min
EMP0156,Quickborn,53.74274228103702,9.902869447414014,45-54,couple_no_children,4,False,False,mixed,Quickborn,AKN-A1,1.1476123546141535,15.301498061522045,6.0,14.082619024645403,1,5.0,12.0,52.38411708616745,59.358980651621685,46.12732034798428,100.0,80.0,66.6,Medium potential,46-60 min
EMP0157,Langenhorn (Hamburg),53.66691728353795,10.018854413117497,35-44,family_with_children,5,True,False,public_transport,Ochsenzoll,U1,1.2704329320834429,16.93910576111257,6.0,8.383434836955793,0,0.0,12.0,43.322540598068365,73.65841753211204,61.742819246464364,100.0,100.0,79.3,High potential,31-45 min
EMP0158,Quickborn,53.732670012391566,9.845174640518097,45-54,single,5,True,True,public_transport,Quickborn,AKN-A1,4.007549547001132,53.4339939600151,6.0,18.685445241957012,1,5.0,12.0,95.11943920197211,0.0,0.0,30.0,100.0,21.0,Low potential,>60 min
EMP0159,Kaltenkirchen,53.849525198777364,9.930293002773714,35-44,family_with_children,4,True,True,car,Kaltenkirchen,AKN-A1,2.5655058199746925,34.20674426632924,6.0,30.762257043530564,1,5.0,12.0,87.9690013098598,3.204976265681847,0.0,30.0,20.0,10.1,Low potential,>60 min
EMP0160,Kaltenkirchen,53.81160952713278,9.987467452800004,45-54,family_with_children,5,False,False,public_transport,Henstedt-Ulzburg,AKN-A1,1.8101635882373546,24.135514509831392,6.0,22.553406667854905,1,5.0,12.0,69.6889211776863,32.051485740453764,22.475285212742634,100.0,100.0,53.0,Medium potential,>60 min
EMP0161,Norderstedt,53.67339611976958,9.97039107587987,45-54,family_with_children,5,True,True,bike,Garstedt,U1,1.5050789167923202,20.06771889056427,6.0,7.078644647327696,0,0.0,12.0,45.146363537891965,70.78037075477155,53.366327296810866,30.0,50.0,54.3,Medium potential,46-60 min
EMP0162,Henstedt-Ulzburg,53.77870383975116,10.024505848189342,45-54,family_with_children,3,True,True,car,Henstedt-Ulzburg,AKN-A1,3.740443604959008,49.872581399453445,6.0,16.515915702666717,1,5.0,12.0,89.38849710212017,0.9649697380972988,0.0,30.0,20.0,9.3,Low potential,>60 min
EMP0163,Langenhorn (Hamburg),53.66757586220596,10.002921183000336,25-34,single,5,True,True,public_transport,Garstedt,U1,0.9760232677161315,13.01364356954842,6.0,7.43757102995031,0,0.0,12.0,38.451214599498726,81.34551466496983,72.25278039722798,30.0,100.0,71.1,High potential,31-45 min
EMP0164,Norderstedt,53.70912106775699,9.971313817925422,25-34,couple_no_children,4,True,True,public_transport,Tanneneck,AKN-A1,1.1674359547924187,15.56581273056558,6.0,3.949044016579441,1,5.0,12.0,42.514856747145025,74.93296664184344,45.41964905536699,30.0,100.0,60.9,Medium potential,31-45 min
EMP0165,Ohlsdorf,53.64658016250906,10.03688592083186,25-34,single,5,True,True,bike,Kiwittsmoor,U1,1.2316687539420963,16.422250052561285,6.0,14.608651232549024,0,0.0,12.0,49.03090128511031,64.65045479597758,63.12663932989254,30.0,50.0,55.1,Medium potential,46-60 min
EMP0166,Langenhorn (Hamburg),53.61291639652271,9.988641014273293,35-44,family_with_children,4,True,True,car,Alsterdorf,U1,1.4029678196126354,18.706237594835137,6.0,22.197112860659885,0,0.0,12.0,58.90335045549502,49.07143673513903,57.01153258151719,30.0,20.0,43.3,Low potential,46-60 min
EMP0167,Hamburg-Innenstadt,53.57886806157889,10.011372778281913,35-44,couple_no_children,5,False,False,public_transport,Alsterdorf,U1,2.683591562952945,35.7812208393726,6.0,31.493167009307207,0,0.0,12.0,85.27438784867981,7.457156353337435,11.295282674516749,100.0,100.0,41.0,Low potential,>60 min
EMP0168,Hamburg-Innenstadt,53.48853256124485,9.979437812777647,35-44,single,4,True,False,mixed,Hamburg Hauptbahnhof,U1,7.373231669551182,98.30975559401577,6.0,55.94193157117127,0,0.0,12.0,172.25168716518704,0.0,0.0,100.0,80.0,32.0,Low potential,>60 min
EMP0169,Langenhorn (Hamburg),53.59878584334818,10.020209189581283,25-34,family_with_children,5,True,True,public_transport,Alsterdorf,U1,1.4583163223755675,19.44421763167423,6.0,26.288116946914226,0,0.0,12.0,63.73233457858846,41.45115633958613,55.03567823909452,30.0,100.0,52.0,Medium potential,>60 min
EMP0170,Henstedt-Ulzburg,53.772226675338615,9.955013890039373,45-54,single,5,True,True,car,Henstedt-Ulzburg,AKN-A1,3.0626077859611525,40.83477047948203,6.0,15.652592783552462,1,5.0,12.0,79.4873632630345,16.5892530582498,0.0,30.0,20.0,14.8,Low potential,>60 min
EMP0171,Langenhorn (Hamburg),53.67196183328044,9.991450469496375,55-64,couple_no_children,4,True,False,bike,Garstedt,U1,0.274260601185737,3.6568080158098266,6.0,6.204157868759503,0,0.0,12.0,27.860965884569328,98.05724172998018,97.3046019063511,100.0,50.0,91.0,High potential,<=30 min
EMP0172,Ohlsdorf,53.6124131335089,9.975610016803053,25-34,family_with_children,5,True,False,public_transport,Alsterdorf,U1,1.9269857611010603,25.69314348134747,6.0,22.539761594065475,0,0.0,12.0,66.23290507541294,37.50518181390412,38.304917704651885,100.0,100.0,59.6,Medium potential,>60 min
EMP0173,Langenhorn (Hamburg),53.67615056516356,9.986734565182138,45-54,single,5,True,False,public_transport,Garstedt,U1,0.4779149093807293,6.372198791743057,6.0,5.238429430243473,0,0.0,12.0,29.61062822198653,95.29622258624431,90.0344639782544,100.0,100.0,95.4,High potential,<=30 min
EMP0174,Henstedt-Ulzburg,53.77022226570393,9.944086778458217,35-44,couple_no_children,5,True,True,bike,Henstedt-Ulzburg,AKN-A1,3.6297503374326765,48.39667116576902,6.0,15.709117959791493,1,5.0,12.0,87.10578912556052,4.567150734999514,0.0,30.0,50.0,15.1,Low potential,>60 min
EMP0175,Norderstedt,53.72558776909063,9.97497645096306,35-44,family_with_children,3,True,True,car,Tanneneck,AKN-A1,2.639838852143337,35.197851361911155,6.0,6.413920089579038,1,5.0,12.0,64.6117714514902,40.06337882968485,0.0,30.0,20.0,23.0,Low potential,>60 min
EMP0176,Norderstedt,53.667049785593434,9.939853483234778,25-34,single,5,True,True,car,Garstedt,U1,3.603013493330179,48.04017991106905,6.0,11.709549513072425,0,0.0,12.0,77.74972942414148,19.331290873997155,0.0,30.0,20.0,15.8,Low potential,>60 min
EMP0177,Fuhlsbüttel,53.60500424340314,10.018192213516173,45-54,couple_no_children,2,True,True,mixed,Alsterdorf,U1,1.3345365344948865,17.79382045993182,6.0,24.573316853353838,0,0.0,12.0,60.36713731328565,46.76153759044184,59.454421640984556,30.0,80.0,52.2,Medium potential,>60 min
EMP0178,Henstedt-Ulzburg,53.79894573449613,9.954290406302642,55-64,single,4,True,True,public_transport,Henstedt-Ulzburg,AKN-A1,1.4733819439344462,19.645092585792618,6.0,20.64425037697481,1,5.0,12.0,63.28934296276743,42.15021026881563,34.49785928659446,30.0,100.0,46.1,Medium potential,>60 min
EMP0179,Hamburg-Innenstadt,53.54327289612176,9.974475657193969,45-54,family_with_children,5,False,False,mixed,Hamburg Hauptbahnhof,U1,2.389792216967601,31.86389622623468,6.0,41.18677175553586,0,0.0,12.0,91.05066798177054,0.0,21.78345642065198,100.0,80.0,38.5,Low potential,>60 min
EMP0180,Kaltenkirchen,53.8437006971665,9.987015880217957,55-64,single,5,True,False,public_transport,Kaltenkirchen,AKN-A1,1.7692458117642051,23.589944156856067,6.0,28.73594394213418,1,5.0,12.0,75.32588809899025,23.1561844874698,23.93598536344114,100.0,100.0,50.3,Medium potential,>60 min
EMP0181,Hamburg-Innenstadt,53.52452340589038,9.97814402647919,55-64,family_with_children,5,False,False,mixed,Hamburg Hauptbahnhof,U1,3.673820992519203,48.98427990025604,6.0,46.212612111524365,0,0.0,12.0,113.1968920117804,0.0,0.0,100.0,80.0,32.0,Low potential,>60 min
EMP0182,Hamburg-Innenstadt,53.5692209527384,9.984072284077568,25-34,family_with_children,4,False,False,public_transport,Hamburg Hauptbahnhof,U1,2.3679367467776222,31.572489957034964,6.0,34.0626740897446,0,0.0,12.0,83.63516404677955,10.043900207351664,22.563662271305617,100.0,100.0,45.3,Medium potential,>60 min
EMP0183,Ohlsdorf,53.58978914205863,10.077269137240647,35-44,single,5,True,True,car,Ohlsdorf,U1,5.083180235812856,67.77573647750475,6.0,31.296566983169246,0,0.0,12.0,117.072303460674,0.0,0.0,30.0,20.0,9.0,Low potential,>60 min
EMP0184,Langenhorn (Hamburg),53.62641299505601,10.022434673943573,35-44,couple_no_children,5,False,False,public_transport,Ohlsdorf,U1,0.6738100100449194,8.984133467265591,6.0,18.992680260835183,0,0.0,12.0,45.97681372810077,69.46989568535311,83.0413175337243,100.0,100.0,84.2,High potential,46-60 min
EMP0185,Kaltenkirchen,53.84831248274942,9.98485221797376,55-64,couple_no_children,4,True,True,public_transport,Kaltenkirchen,AKN-A1,1.939182320588642,25.855764274515227,6.0,29.633717126156387,1,5.0,12.0,78.48948140067162,18.163940280035572,17.86951974764891,30.0,100.0,32.7,Low potential,>60 min
EMP0186,Quickborn,53.7157123122008,9.877089002560933,25-34,family_with_children,5,True,True,bike,Quickborn,AKN-A1,2.6775451338222087,35.70060178429611,6.0,14.147137656313305,1,5.0,12.0,72.84773944060942,27.066776686026873,0.0,30.0,50.0,23.0,Low potential,>60 min
EMP0187,Langenhorn (Hamburg),53.60751181516789,9.995324970879764,35-44,couple_no_children,4,True,True,public_transport,Alsterdorf,U1,0.6730304892632939,8.973739856843919,6.0,23.631492491338868,0,0.0,12.0,50.60523234818279,62.16611361153068,83.06914519742787,30.0,100.0,67.7,Medium potential,46-60 min
EMP0188,Norderstedt,53.66890685460102,10.00424298475668,45-54,single,3,True,False,bike,Garstedt,U1,0.9357268335515023,12.476357780686698,6.0,7.118052134259709,0,0.0,12.0,37.59440991494641,82.69757790934624,73.69129960648931,100.0,50.0,78.6,High potential,31-45 min
EMP0189,Kaltenkirchen,53.81891244837311,10.020856230520197,25-34,single,5,True,False,public_transport,Henstedt-Ulzburg,AKN-A1,3.8237513008486763,50.98335067798235,6.0,24.108780249639906,1,5.0,12.0,98.09213092762226,0.0,0.0,100.0,100.0,35.0,Low potential,>60 min
EMP0190,Langenhorn (Hamburg),53.651630513986646,10.019875548441275,45-54,family_with_children,5,True,True,car,Kiwittsmoor,U1,0.5810782363656869,7.747709818209158,6.0,12.291813069335301,0,0.0,12.0,38.03952288754446,81.9951764161058,86.35169574737627,30.0,20.0,63.6,Medium potential,31-45 min
EMP0191,Henstedt-Ulzburg,53.78906366779514,9.986137035944902,25-34,couple_no_children,4,True,True,car,Henstedt-Ulzburg,AKN-A1,1.0630383814949909,14.173845086599878,6.0,18.221494051952753,1,5.0,12.0,55.39533913855263,54.6071828019017,49.1464779349416,30.0,20.0,42.9,Low potential,46-60 min
EMP0192,Langenhorn (Hamburg),53.670364824917804,10.020981284658266,55-64,family_with_children,4,True,True,car,Ochsenzoll,U1,1.6623327134850465,22.16443617980062,6.0,7.727484434918797,0,0.0,12.0,47.89192061471942,66.44780012829841,47.752614521442695,30.0,20.0,46.6,Medium potential,46-60 min
EMP0193,Norderstedt,53.7189852328,10.002149073929964,55-64,couple_no_children,3,True,True,car,Friedrichsgabe,AKN-A1,3.1913492672766535,42.55132356368871,6.0,4.7346728333758055,1,5.0,12.0,70.28599639706451,31.109283307619172,0.0,30.0,20.0,19.9,Low potential,>60 min
EMP0194,Hamburg-Innenstadt,53.53589473080758,9.979377368032987,25-34,family_with_children,5,True,True,bike,Hamburg Hauptbahnhof,U1,2.6154257641645002,34.87234352219333,6.0,43.124164424438526,0,0.0,12.0,95.99650794663185,0.0,13.728694290323972,30.0,50.0,17.6,Low potential,>60 min
EMP0195,Norderstedt,53.68459045075011,9.925361889430315,45-54,single,4,True,True,public_transport,Tanneneck,AKN-A1,2.9929726709198246,39.906302278930994,6.0,8.283068186237388,1,5.0,12.0,71.18937046516838,29.683732192613032,0.0,30.0,100.0,31.4,Low potential,>60 min
EMP0196,Norderstedt,53.720517598920416,10.008793195728776,25-34,single,5,True,True,public_transport,Norderstedt Mitte,U1,3.584824731452151,47.797663086028685,6.0,7.296860381756969,0,0.0,12.0,73.09452346778565,26.677344160201557,0.0,30.0,100.0,30.3,Low potential,>60 min
EMP0197,Alsterdorf,53.58169567979435,10.007008052286169,35-44,family_with_children,5,True,True,car,Alsterdorf,U1,2.3017639882871985,30.690186510495977,6.0,30.680435349657802,0,0.0,12.0,79.37062186015378,16.773474459903813,24.92592548867586,30.0,20.0,22.3,Low potential,>60 min
EMP0198,Hamburg-Innenstadt,53.56019806353008,10.028437333528514,35-44,family_with_children,2,True,True,car,Hamburg Hauptbahnhof,U1,1.6433306025366041,21.911074700488054,6.0,36.82836545908815,0,0.0,12.0,76.7394401595762,20.925557345031343,48.43095994288057,30.0,20.0,30.9,Low potential,>60 min
EMP0199,Norderstedt,53.678932979461884,10.060271665698556,45-54,single,5,True,True,car,Ochsenzoll,U1,4.222177384386672,56.295698458488964,6.0,11.181081555721681,0,0.0,12.0,85.47678001421065,7.137775503888677,0.0,30.0,20.0,11.5,Low potential,>60 min
EMP0200,Langenhorn (Hamburg),53.68988636311789,9.967303650683002,18-24,couple_no_children,5,True,True,car,Friedrichsgabe,AKN-A1,0.8650114077141804,11.533485436189071,6.0,3.392854683598513,1,5.0,12.0,37.92634011978758,82.17378218582195,56.21572889078992,30.0,20.0,54.6,Medium potential,31-45 min
EMP0201,Kaltenkirchen,53.84450226059946,10.017512298324867,25-34,couple_no_children,5,True,False,public_transport,Kaltenkirchen,AKN-A1,3.692964452974551,49.23952603966068,6.0,28.977383730611006,1,5.0,12.0,101.21690977027168,0.0,0.0,100.0,100.0,35.0,Low potential,>60 min
EMP0202,Henstedt-Ulzburg,53.79797901219376,9.962688914875043,45-54,couple_no_children,4,True,True,car,Henstedt-Ulzburg,AKN-A1,0.9116591599778068,12.155455466370757,6.0,20.262520587904465,1,5.0,12.0,55.41797605427522,54.57146107644153,54.55047763242942,30.0,20.0,44.5,Low potential,46-60 min
EMP0203,Ohlsdorf,53.63169578174286,10.003485047154426,35-44,single,4,True,True,car,Fuhlsbüttel Nord,U1,0.5008703133477048,6.678270844636065,6.0,17.119930565089746,0,0.0,12.0,41.798201409725806,76.06387005318156,89.2149922248,30.0,20.0,62.4,Medium potential,31-45 min
EMP0204,Norderstedt,53.72167129676285,9.988740326307017,35-44,family_with_children,3,True,True,public_transport,Tanneneck,AKN-A1,2.892501529234374,38.56668705645831,6.0,5.262173962305953,1,5.0,12.0,66.82886101876426,36.564745631889075,0.0,30.0,100.0,33.8,Low potential,>60 min
EMP0205,Norderstedt,53.69186139227039,9.96937020024195,18-24,single,5,True,False,public_transport,Friedrichsgabe,AKN-A1,0.6283550179740915,8.37806690632122,6.0,3.0766622790162237,1,5.0,12.0,34.45472918533744,87.65208736770579,64.66398913249573,100.0,100.0,85.1,High potential,31-45 min
EMP0206,Langenhorn (Hamburg),53.66102832369598,9.992313662031929,25-34,family_with_children,5,True,True,car,Ochsenzoll,U1,1.0121917658893755,13.495890211858342,6.0,9.144447767819585,0,0.0,12.0,40.64033797967792,77.89101294117047,70.96162199894931,30.0,20.0,57.6,Medium potential,31-45 min
EMP0207,Norderstedt,53.69471596448925,9.976799060459422,45-54,single,3,True,True,car,Friedrichsgabe,AKN-A1,0.5442377183353974,7.256502911138631,6.0,2.179760604172033,1,5.0,12.0,32.436263515310664,90.83728615534405,67.66684419572775,30.0,20.0,61.1,Medium potential,31-45 min
EMP0208,Quickborn,53.72728852787894,9.911758746476579,18-24,single,4,True,False,public_transport,Quickborn,AKN-A1,0.698129975432604,9.30839967243472,6.0,11.47079107661286,1,5.0,12.0,43.77919074904758,72.93781002866386,62.173133087531696,100.0,100.0,79.2,High potential,31-45 min
EMP0209,Norderstedt,53.724141396884455,10.00560062944486,25-34,family_with_children,5,True,True,car,Friedrichsgabe,AKN-A1,3.776927319184378,50.35903092245837,6.0,5.781379554557488,1,5.0,12.0,79.14041047701586,17.136754861131386,0.0,30.0,20.0,15.0,Low potential,>60 min
EMP0210,Ohlsdorf,53.63213625689262,9.959650493743624,55-64,couple_no_children,2,True,True,car,Fuhlsbüttel Nord,U1,2.7898813919389855,37.19841855918648,6.0,17.92863042876852,0,0.0,12.0,73.12704898795499,26.626017923174537,7.500903248266411,30.0,20.0,20.6,Low potential,>60 min
EMP0211,Quickborn,53.728451897601005,9.920042863291023,18-24,family_with_children,4,True,True,car,Quickborn,AKN-A1,1.026628561546145,13.688380820615267,6.0,10.825721073785559,1,5.0,12.0,47.514101894400824,67.04400929240563,50.44625114038652,30.0,20.0,47.6,Medium potential,46-60 min
EMP0212,Alsterdorf,53.62513455243733,10.048465402025839,45-54,single,5,True,True,car,Ohlsdorf,U1,1.9340152243393716,25.786869657858286,6.0,20.658739148406,0,0.0,12.0,64.44560880626429,40.32558841986198,38.05397694255382,30.0,20.0,34.5,Low potential,>60 min
EMP0213,Norderstedt,53.68075201627378,9.916375766760346,25-34,family_with_children,4,True,True,bike,Hasloh,AKN-A1,3.653394649533191,48.711928660442545,6.0,9.466382605613738,1,5.0,12.0,81.17831126605628,13.920886878351935,0.0,30.0,50.0,18.4,Low potential,>60 min
EMP0214,Hamburg-Innenstadt,53.563835595026326,9.927994105700328,45-54,family_with_children,4,True,False,public_transport,Hamburg Hauptbahnhof,U1,5.354273646895609,71.39031529194146,6.0,37.11049513839564,0,0.0,12.0,126.50081043033711,0.0,0.0,100.0,100.0,35.0,Low potential,>60 min
EMP0215,Quickborn,53.72651542501493,9.921994598295072,45-54,family_with_children,4,True,True,car,Quickborn,AKN-A1,1.2453961198862462,16.60528159848328,6.0,10.424939246186664,1,5.0,12.0,50.03022084466994,63.07349884530722,42.63659399430419,30.0,20.0,43.9,Low potential,46-60 min
EMP0216,Kaltenkirchen,53.844651976544476,9.947890739344723,55-64,single,3,False,False,public_transport,Kaltenkirchen,AKN-A1,1.3185892430443868,17.58118990725849,6.0,29.414350308377948,1,5.0,12.0,69.99554021563644,31.567631790174467,40.02371481947054,100.0,100.0,58.1,Medium potential,>60 min
EMP0217,Norderstedt,53.66770355639808,9.988452423591383,25-34,couple_no_children,5,True,True,car,Garstedt,U1,0.7871662546836405,10.49555006244854,6.0,7.414091859601534,0,0.0,12.0,35.90964192205007,85.3561918496834,78.99467820240451,30.0,20.0,62.6,Medium potential,31-45 min
EMP0218,Norderstedt,53.67879720252188,9.967349123612285,35-44,couple_no_children,5,True,True,car,Garstedt,U1,1.7777659367429157,23.703545823238876,6.0,6.2911956569764875,0,0.0,12.0,47.99474148021537,66.28554574815962,43.631830325873565,30.0,20.0,45.3,Medium potential,46-60 min
EMP0219,Henstedt-Ulzburg,53.78310192140798,9.951633514330755,45-54,couple_no_children,5,True,True,bike,Henstedt-Ulzburg,AKN-A1,2.221026901091072,29.613692014547627,6.0,17.769998541280348,1,5.0,12.0,70.38369055582797,30.95511902299769,7.80811229351675,30.0,50.0,26.7,Low potential,>60 min
EMP0220,Fuhlsbüttel,53.60677558878632,9.95208777892262,25-34,single,3,False,False,public_transport,Alsterdorf,U1,3.12477642678052,41.663685690406936,6.0,24.84847401427541,0,0.0,12.0,84.51215970468235,8.659975007237197,0.0,100.0,100.0,38.0,Low potential,>60 min
EMP0221,Langenhorn (Hamburg),53.64102800232915,10.065233059691225,25-34,single,5,True,True,car,Kiwittsmoor,U1,3.15941636858063,42.125551581075065,6.0,18.318714393817306,0,0.0,12.0,78.44426597489237,18.235291565080068,0.0,30.0,20.0,15.4,Low potential,>60 min
EMP0222,Ohlsdorf,53.587224431142864,9.982816194813628,18-24,couple_no_children,3,False,False,public_transport,Alsterdorf,U1,1.930171887223322,25.735625162977627,6.0,29.205729889088115,0,0.0,12.0,72.94135505206575,26.919048470212946,38.19117802209641,100.0,100.0,55.9,Medium potential,>60 min
EMP0223,Quickborn,53.77249507302405,9.855824426954351,55-64,single,5,True,True,car,Quickborn,AKN-A1,5.53220839354378,73.76277858058373,6.0,21.90603191436278,1,5.0,12.0,118.66881049494651,0.0,0.0,30.0,20.0,9.0,Low potential,>60 min
EMP0224,Henstedt-Ulzburg,53.79485855430354,10.022628128392128,45-54,couple_no_children,4,True,True,car,Henstedt-Ulzburg,AKN-A1,3.0431162711957,40.57488361594267,6.0,19.543289050679796,1,5.0,12.0,83.11817266662246,10.859727962932942,0.0,30.0,20.0,12.8,Low potential,>60 min
EMP0225,Langenhorn (Hamburg),53.6292844454598,9.96644297005845,35-44,single,5,True,True,car,Fuhlsbüttel Nord,U1,2.3014714401503813,30.686285868671753,6.0,18.350415940705805,0,0.0,12.0,67.03670180937756,36.23676669020388,24.936368996226076,30.0,20.0,29.2,Low potential,>60 min
EMP0226,Henstedt-Ulzburg,53.773866469731416,9.96234638282563,45-54,single,4,True,False,public_transport,Henstedt-Ulzburg,AKN-A1,2.7016305996538565,36.021741328718086,6.0,15.730635373803354,1,5.0,12.0,74.75237670252145,24.061202507768808,0.0,100.0,100.0,43.4,Low potential,>60 min
EMP0227,Norderstedt,53.69908770159106,10.052480037097645,35-44,family_with_children,3,True,False,mixed,Norderstedt Mitte,U1,4.316692016954499,57.55589355939332,6.0,9.156946157055067,0,0.0,12.0,84.71283971644839,8.343295987290356,0.0,100.0,80.0,34.9,Low potential,>60 min
EMP0228,Ohlsdorf,53.62686850710503,9.983727499987646,35-44,couple_no_children,4,False,False,bike,Fuhlsbüttel Nord,U1,1.1537014563181736,15.382686084242312,6.0,18.488564558808616,0,0.0,12.0,51.87125064305093,60.168299134017985,65.90994901104183,100.0,50.0,68.3,Medium potential,46-60 min
EMP0229,Quickborn,53.730382747695764,9.938640835532933,35-44,couple_no_children,2,True,False,mixed,Hasloh,AKN-A1,2.079092668126917,27.72123557502556,6.0,9.484714165351262,1,5.0,12.0,60.20594974037682,47.01589636871362,12.87494078103407,100.0,80.0,52.3,Medium potential,>60 min
EMP0230,Norderstedt,53.65363515603197,9.975575527386315,35-44,couple_no_children,4,False,False,public_transport,Ochsenzoll,U1,2.1140981742427054,28.187975656569407,6.0,11.598643003501719,0,0.0,12.0,57.78661866007113,50.83367268183914,31.625299366814918,100.0,100.0,62.3,Medium potential,46-60 min
EMP0231,Norderstedt,53.70325745276241,10.045636311535073,25-34,family_with_children,5,True,False,bike,Norderstedt Mitte,U1,4.016188718451858,53.549182912691435,6.0,8.310989124240798,0,0.0,12.0,79.86017203693223,16.000949738419635,0.0,100.0,50.0,33.1,Low potential,>60 min
EMP0232,Fuhlsbüttel,53.63790713214344,9.992462259057106,55-64,couple_no_children,5,True,False,public_transport,Langenhorn Nord,U1,1.1045405456676878,14.727207275569171,6.0,15.402922025280434,0,0.0,12.0,48.1301293008496,66.07189974538196,67.66491606412113,100.0,100.0,78.4,High potential,46-60 min
EMP0233,Henstedt-Ulzburg,53.83351918561733,10.054359049611202,45-54,couple_no_children,3,True,False,bike,Kaltenkirchen,AKN-A1,6.018272836120374,80.24363781493832,6.0,27.5722433640985,1,5.0,12.0,130.8158811790368,0.0,0.0,100.0,50.0,27.5,Low potential,>60 min
EMP0234,Alsterdorf,53.61893347624711,10.10502840325149,25-34,family_with_children,5,True,False,mixed,Ohlsdorf,U1,5.597521979062584,74.63362638750112,6.0,26.999239804024025,0,0.0,12.0,119.63286619152515,0.0,0.0,100.0,80.0,32.0,Low potential,>60 min
EMP0235,Henstedt-Ulzburg,53.747986251882196,9.970159055759954,35-44,couple_no_children,5,True,True,public_transport,Quickborn,AKN-A1,4.547047375846565,60.62729834462087,6.0,10.681615630400294,1,5.0,12.0,94.30891397502117,0.0,0.0,30.0,100.0,21.0,Low potential,>60 min
EMP0236,Hamburg-Innenstadt,53.59245643783176,10.026378390676479,25-34,family_with_children,5,True,False,mixed,Alsterdorf,U1,2.101309021860439,28.01745362480585,6.0,28.141251870560225,0,0.0,12.0,74.15870549536608,24.99803330819651,32.08185195647828,100.0,80.0,50.4,Medium potential,>60 min
EMP0237,Fuhlsbüttel,53.65943935537492,10.03151414413918,55-64,family_with_children,5,True,False,bike,Ochsenzoll,U1,1.6363474126060429,21.817965501413905,6.0,11.136774177638225,0,0.0,12.0,50.95473967905213,61.61458066098962,48.680248820799456,100.0,50.0,63.7,Medium potential,46-60 min
EMP0238,Kaltenkirchen,53.819522688713285,9.976437040841084,55-64,single,5,True,True,car,Kaltenkirchen,AKN-A1,2.109314714175483,28.12419618900644,6.0,24.160098309888383,1,5.0,12.0,75.28429449889482,23.22182042399563,11.796061354471718,30.0,20.0,20.7,Low potential,>60 min
EMP0239,Norderstedt,53.67676551086446,9.940220409593762,55-64,couple_no_children,5,True,True,public_transport,Friedrichsgabe,AKN-A1,3.02671864153941,40.3562485538588,6.0,7.234603282080981,1,5.0,12.0,70.59085183593979,30.628212369069306,0.0,30.0,100.0,31.7,Low potential,>60 min
EMP0240,Norderstedt,53.714751636503,10.004535770832979,25-34,family_with_children,5,True,True,car,Norderstedt Mitte,U1,2.885538012903256,38.47384017204342,6.0,5.608586629838622,0,0.0,12.0,62.082426801882036,44.054759823221566,4.086112594881087,30.0,20.0,25.6,Low potential,>60 min
EMP0241,Hamburg-Innenstadt,53.5465292355028,9.97930609758982,25-34,family_with_children,5,True,False,mixed,Hamburg Hauptbahnhof,U1,1.951763085671813,26.023507808957504,6.0,40.24841096338227,0,0.0,12.0,84.27191877233977,9.039082335046489,37.420406256231566,100.0,80.0,46.4,Medium potential,>60 min
EMP0242,Kaltenkirchen,53.806612422696595,9.938401116994092,25-34,couple_no_children,3,True,True,public_transport,Henstedt-Ulzburg,AKN-A1,2.727966031675963,36.37288042234617,6.0,22.54321794448429,1,5.0,12.0,81.91609836683045,12.75663691670168,0.0,30.0,100.0,25.5,Low potential,>60 min
EMP0243,Langenhorn (Hamburg),53.649657911974565,9.930170758407753,25-34,single,4,True,False,public_transport,Garstedt,U1,4.969286195938417,66.25714927917889,6.0,16.137530781779105,0,0.0,12.0,100.394680060958,0.0,0.0,100.0,100.0,35.0,Low potential,>60 min
EMP0244,Ohlsdorf,53.6382671867664,10.024481195422297,25-34,couple_no_children,3,True,False,public_transport,Kiwittsmoor,U1,1.0047304768864946,13.396406358486596,6.0,15.969222158107744,0,0.0,12.0,47.36562851659434,67.27830469311934,71.22797826046477,100.0,100.0,79.9,High potential,46-60 min
EMP0245,Alsterdorf,53.60549562809398,9.976135159771925,18-24,single,5,True,False,public_transport,Alsterdorf,U1,1.5444895528334743,20.593194037779657,6.0,24.385377126807818,0,0.0,12.0,62.97857116458748,42.64061739809903,51.95942968490827,100.0,100.0,65.5,Medium potential,>60 min
EMP0246,Hamburg-Innenstadt,53.55956946778429,10.007990076896977,55-64,family_with_children,4,True,True,car,Hamburg Hauptbahnhof,U1,0.7561674741321506,10.082232988428673,6.0,36.67702871941428,0,0.0,12.0,64.75926170784295,39.830634823829634,80.10128582691081,30.0,20.0,47.0,Medium potential,>60 min
EMP0247,Alsterdorf,53.586030552747125,10.052879272454021,18-24,couple_no_children,5,True,True,car,Alsterdorf,U1,3.9823679402176864,53.098239202902484,6.0,30.843782687987684,0,0.0,12.0,101.94202189089017,0.0,0.0,30.0,20.0,9.0,Low potential,>60 min
EMP0248,Fuhlsbüttel,53.621685147787396,10.028691285000486,25-34,family_with_children,5,False,False,bike,Ohlsdorf,U1,0.5753163305312254,7.6708844070830065,6.0,20.478669105474854,0,0.0,12.0,46.14955351255786,69.19730717408936,86.55738670730003,100.0,50.0,77.7,High potential,46-60 min
EMP0249,Langenhorn (Hamburg),53.642659803966545,9.939853074959718,45-54,family_with_children,5,True,False,public_transport,Fuhlsbüttel Nord,U1,4.386143412972254,58.48191217296339,6.0,16.731558619858454,0,0.0,12.0,93.21347079282185,0.0,0.0,100.0,100.0,35.0,Low potential,>60 min
EMP0250,Fuhlsbüttel,53.575055408915325,10.00383737655322,35-44,family_with_children,3,False,False,mixed,Hamburg Hauptbahnhof,U1,2.482943760456184,33.10591680608245,6.0,32.453309896922796,0,0.0,12.0,83.55922670300524,10.163731591614544,18.458093086188786,100.0,80.0,41.1,Low potential,>60 min
EMP0251,Quickborn,53.72710684436537,9.875633178930553,45-54,couple_no_children,5,True,False,public_transport,Quickborn,AKN-A1,2.0951880037955655,27.93584005060754,6.0,15.07422960547548,1,5.0,12.0,66.01006965608302,37.85682272513306,12.300362657216276,100.0,100.0,51.9,Medium potential,>60 min
EMP0252,Hamburg-Innenstadt,53.517652804524154,9.950975929160789,35-44,family_with_children,5,True,False,public_transport,Hamburg Hauptbahnhof,U1,5.378947437828525,71.719299171047,6.0,48.52730158245614,0,0.0,12.0,138.24660075350315,0.0,0.0,100.0,100.0,35.0,Low potential,>60 min
EMP0253,Fuhlsbüttel,53.59302178237364,10.029467081062137,55-64,family_with_children,2,True,True,car,Alsterdorf,U1,2.252747600416588,30.036634672221176,6.0,28.0814416114905,0,0.0,12.0,76.11807628371167,21.906087999317702,26.675733306221396,30.0,20.0,24.7,Low potential,>60 min
EMP0254,Langenhorn (Hamburg),53.62653811023133,10.011706128082027,35-44,family_with_children,5,True,True,bike,Fuhlsbüttel Nord,U1,0.699404273780716,9.325390317076213,6.0,18.648062312473243,0,0.0,12.0,45.973452629549456,69.47519959871154,82.12764264426815,30.0,50.0,62.5,Medium potential,46-60 min
EMP0255,Langenhorn (Hamburg),53.69554314528971,10.011774803579996,35-44,single,4,True,True,car,Norderstedt Mitte,U1,1.6280029586456255,21.706706115275004,6.0,2.5577648773091766,0,0.0,12.0,42.26447099258418,75.32808280047422,48.978132679798414,30.0,20.0,50.1,Medium potential,31-45 min
EMP0256,Kaltenkirchen,53.80523044297526,9.963091324280667,45-54,couple_no_children,5,True,False,public_transport,Henstedt-Ulzburg,AKN-A1,1.289805563488194,17.197407513175918,6.0,21.629085670561842,1,5.0,12.0,61.82649318373776,44.45863067539126,41.051246828522366,100.0,100.0,62.9,Medium potential,>60 min
EMP0257,Hamburg-Innenstadt,53.577911116290394,10.044068355601201,35-44,single,5,True,True,car,Hamburg Hauptbahnhof,U1,3.7177276260477163,49.569701680636214,6.0,32.586933698638276,0,0.0,12.0,100.15663537927449,0.0,0.0,30.0,20.0,9.0,Low potential,>60 min
EMP0258,Norderstedt,53.63497521835809,9.994348045529666,25-34,family_with_children,4,True,True,public_transport,Fuhlsbüttel Nord,U1,0.9558413714092788,12.744551618790384,6.0,16.189604365083472,0,0.0,12.0,46.93415598387385,67.95918116703147,72.9732422971102,30.0,100.0,66.7,Medium potential,46-60 min
EMP0259,Norderstedt,53.67118455461477,9.949146722556897,35-44,family_with_children,3,True,False,public_transport,Garstedt,U1,2.921169779016878,38.94893038689171,6.0,9.84617928452321,0,0.0,12.0,66.79510967141492,36.618006260620426,2.814114685464486,100.0,100.0,48.7,Medium potential,>60 min
EMP0260,Alsterdorf,53.58384851309515,10.007652042319972,25-34,couple_no_children,3,True,True,car,Alsterdorf,U1,2.0817136136418988,27.756181515225318,6.0,30.1042547454134,0,0.0,12.0,75.86043626063872,22.312651609155154,32.78137715566898,30.0,20.0,26.6,Low potential,>60 min
EMP0261,Norderstedt,53.65091648308031,9.988947070437,45-54,single,3,True,True,public_transport,Ochsenzoll,U1,1.4158298216500158,18.877730955333544,6.0,11.91939235481715,0,0.0,12.0,48.797123310150695,65.0193633850486,56.552379373947005,30.0,100.0,60.7,Medium potential,46-60 min
EMP0262,Hamburg-Innenstadt,53.533971422340734,10.040921976204427,25-34,couple_no_children,5,True,True,public_transport,Hamburg Hauptbahnhof,U1,3.071914526490174,40.95886035320232,6.0,44.16088433516707,0,0.0,12.0,103.1197446883694,0.0,0.0,30.0,100.0,21.0,Low potential,>60 min
EMP0263,Langenhorn (Hamburg),53.689606495542165,10.006130989052343,25-34,family_with_children,4,True,False,public_transport,Norderstedt Mitte,U1,1.166146956816358,15.548626090884772,6.0,2.1451980613594768,0,0.0,12.0,35.69382415224425,85.69675870149773,65.4656642521878,100.0,100.0,84.6,High potential,31-45 min
EMP0264,Norderstedt,53.670291228235044,10.028316849937967,25-34,single,4,True,True,car,Ochsenzoll,U1,1.9691704922509103,26.25560656334547,6.0,8.417014223937983,0,0.0,12.0,52.67262078728345,58.90371324099903,36.798989268188656,30.0,20.0,40.7,Low potential,46-60 min
EMP0265,Henstedt-Ulzburg,53.81169948926944,10.034755338305867,45-54,single,5,True,True,car,Henstedt-Ulzburg,AKN-A1,4.179193425266739,55.72257900355652,6.0,22.98088057846444,1,5.0,12.0,101.70345958202095,0.0,0.0,30.0,20.0,9.0,Low potential,>60 min
EMP0266,Norderstedt,53.694478060835785,9.969884930753931,25-34,family_with_children,5,True,True,car,Friedrichsgabe,AKN-A1,0.3361101522670059,4.481468696893413,6.0,2.9691006875235333,1,5.0,12.0,30.450569384416944,93.97077048072232,75.09667038191137,30.0,20.0,64.4,Medium potential,31-45 min
EMP0267,Langenhorn (Hamburg),53.67498668206206,10.056737132651595,45-54,family_with_children,5,True,True,public_transport,Ochsenzoll,U1,3.793587918698654,50.58117224931539,6.0,11.131478637049943,0,0.0,12.0,79.71265088636532,16.233742496262515,0.0,30.0,100.0,26.7,Low potential,>60 min
EMP0268,Norderstedt,53.68486336429167,9.917848020284534,45-54,single,5,True,False,public_transport,Hasloh,AKN-A1,3.1861368088622966,42.481824118163956,6.0,9.107681272510941,1,5.0,12.0,74.5895053906749,24.318218276101288,0.0,100.0,100.0,43.5,Low potential,>60 min
EMP0269,Norderstedt,53.68319329799667,9.981532016783127,18-24,single,4,True,True,car,Norderstedt Mitte,U1,0.9427781849126542,12.57037579883539,6.0,3.878731299284687,0,0.0,12.0,34.44910709812008,87.66095918834394,73.4395774728924,30.0,20.0,61.7,Medium potential,31-45 min
EMP0270,Norderstedt,53.68531475514909,9.947877308113538,45-54,family_with_children,5,True,True,car,Friedrichsgabe,AKN-A1,1.9893656843932461,26.52487579190995,6.0,5.771647381753793,1,5.0,12.0,55.29652317366374,54.76311732991337,16.07805272792838,30.0,20.0,33.0,Low potential,46-60 min
EMP0271,Norderstedt,53.69348081623018,9.969179430573435,25-34,family_with_children,3,True,True,car,Friedrichsgabe,AKN-A1,0.4501667783263774,6.002223711018365,6.0,3.0583795954381765,1,5.0,12.0,32.06060330645654,91.43008912423983,71.02502853738412,30.0,20.0,62.3,Medium potential,31-45 min
EMP0272,Norderstedt,53.66618522428056,9.979096896924775,25-34,couple_no_children,5,True,True,car,Garstedt,U1,1.2873917768819167,17.16522369175889,6.0,8.185797937283297,0,0.0,12.0,43.35102162904219,73.61347361918074,61.13741520724296,30.0,20.0,53.1,Medium potential,31-45 min
EMP0273,Norderstedt,53.70482003695718,9.9173273523322,45-54,single,5,True,True,public_transport,Hasloh,AKN-A1,1.1102193883063582,14.80292517741811,6.0,9.175189368032974,1,5.0,12.0,46.978114545451085,67.88981325103403,47.46219032941406,30.0,100.0,59.0,Medium potential,46-60 min
EMP0274,Alsterdorf,53.59109048250219,9.99265913686627,55-64,single,5,True,False,public_transport,Alsterdorf,U1,1.2557979135442427,16.743972180589903,6.0,28.086944757020497,0,0.0,12.0,62.8309169376104,42.87362015447032,62.26526634961312,100.0,100.0,68.7,Medium potential,>60 min
EMP0275,Quickborn,53.685360113567334,9.930195084998887,25-34,single,5,False,False,mixed,Tanneneck,AKN-A1,2.726930839129741,36.35907785506321,6.0,7.711978475052476,1,5.0,12.0,67.07105633011568,36.18255423594723,0.0,100.0,80.0,44.7,Low potential,>60 min
EMP0276,Fuhlsbüttel,53.61263791164874,10.014440337511264,35-44,family_with_children,5,True,True,public_transport,Ohlsdorf,U1,0.9532036280845637,12.709381707794183,6.0,22.440452412934647,0,0.0,12.0,53.149834120728826,58.150656424771455,73.06740557781642,30.0,100.0,63.3,Medium potential,46-60 min
EMP0277,Langenhorn (Hamburg),53.62866012617547,9.90903687217785,25-34,single,4,True,True,car,Fuhlsbüttel Nord,U1,6.078986585322841,81.05315447097122,6.0,22.693698301531278,0,0.0,12.0,121.7468527725025,0.0,0.0,30.0,20.0,9.0,Low potential,>60 min
EMP0278,Ohlsdorf,53.63013212729068,10.012100980310587,35-44,single,5,True,True,car,Fuhlsbüttel Nord,U1,0.7803765864897928,10.405021153197238,6.0,17.6927114786169,0,0.0,12.0,46.09773263181414,69.27908206328877,79.23705865923247,30.0,20.0,57.0,Medium potential,46-60 min
EMP0279,Hamburg-Innenstadt,53.53847040170973,10.03007804206034,35-44,family_with_children,5,True,True,car,Hamburg Hauptbahnhof,U1,2.2099722214095707,29.466296285460945,6.0,42.69921288126822,0,0.0,12.0,90.16550916672915,0.0,28.2027469405702,30.0,20.0,17.5,Low potential,>60 min
EMP0280,Hamburg-Innenstadt,53.55059892353943,9.936275701336937,35-44,family_with_children,5,False,False,public_transport,Hamburg Hauptbahnhof,U1,4.6719047242605285,62.29206299014039,6.0,40.21575027412653,0,0.0,12.0,120.5078132642669,0.0,0.0,100.0,100.0,35.0,Low potential,>60 min
EMP0281,Norderstedt,53.70382490924291,9.92075017264707,35-44,family_with_children,4,True,False,public_transport,Hasloh,AKN-A1,1.1000260767167183,14.66701435622291,6.0,8.753506568455395,1,5.0,12.0,46.42052092467831,68.76971254843289,47.8260754927458,100.0,100.0,73.4,High potential,46-60 min
EMP0282,Norderstedt,53.69757202562288,10.000534893643463,25-34,couple_no_children,3,True,True,bike,Norderstedt Mitte,U1,1.1085341163062168,14.780454884082891,6.0,1.076638582164073,0,0.0,12.0,33.857093466246965,88.59517428573648,67.52235188453155,30.0,50.0,64.8,Medium potential,31-45 min
EMP0283,Langenhorn (Hamburg),53.66865719198868,10.025644808686954,45-54,couple_no_children,5,False,False,bike,Ochsenzoll,U1,1.716361457251272,22.884819430016957,6.0,8.52191907695212,0,0.0,12.0,49.40673850696908,64.05737249530212,45.82387349581134,100.0,50.0,63.7,Medium potential,46-60 min
EMP0284,Langenhorn (Hamburg),53.66380600021392,10.069931975715406,35-44,couple_no_children,3,True,False,public_transport,Kiwittsmoor,U1,3.914713562914835,52.19618083886447,6.0,14.538398961563038,0,0.0,12.0,84.73457980042751,8.30898948896257,0.0,100.0,100.0,37.9,Low potential,>60 min
EMP0285,Alsterdorf,53.61542059602009,10.014819862346263,45-54,couple_no_children,4,True,True,car,Ohlsdorf,U1,0.667030113952247,8.893734852696626,6.0,21.70158161666428,0,0.0,12.0,48.59531646936091,65.33782057466837,83.28334914193705,30.0,20.0,56.9,Medium potential,46-60 min
EMP0286,Fuhlsbüttel,53.618838538569925,10.041390121254778,18-24,couple_no_children,4,True,True,car,Ohlsdorf,U1,1.409742427407022,18.796565698760293,6.0,21.82102788174757,0,0.0,12.0,58.61759358050786,49.522369572533464,56.76968975722105,30.0,20.0,43.4,Low potential,46-60 min
EMP0287,Norderstedt,53.701434536998896,9.96231895655657,35-44,couple_no_children,5,True,True,mixed,Tanneneck,AKN-A1,0.6239207469534912,8.318943292713216,6.0,4.045763095863306,1,5.0,12.0,35.36470638857652,86.21611630930423,64.8222856213648,30.0,80.0,67.6,Medium potential,31-45 min
EMP0288,Langenhorn (Hamburg),53.65936724378838,9.967746263696144,35-44,couple_no_children,3,True,True,car,Garstedt,U1,2.352090856795419,31.36121142393892,6.0,10.589606106031997,0,0.0,12.0,59.95081752997092,47.41850257566564,23.12933557713994,30.0,20.0,32.5,Low potential,46-60 min
EMP0289,Ohlsdorf,53.63593381720183,10.00970936353018,25-34,family_with_children,3,True,False,bike,Langenhorn Nord,U1,0.3992900921119395,5.3238678948258595,6.0,16.081510535212846,0,0.0,12.0,39.40537843003871,79.839815796084,92.84124607474803,100.0,50.0,83.3,High potential,31-45 min
EMP0290,Norderstedt,53.69557608109929,9.884652707250257,25-34,family_with_children,2,False,False,bike,Hasloh,AKN-A1,3.3945975395758996,45.261300527678664,6.0,12.69629542485562,1,5.0,12.0,80.95759595253429,14.2691821996363,0.0,100.0,50.0,32.5,Low potential,>60 min
EMP0291,Hamburg-Innenstadt,53.515899902131984,10.02513194976084,35-44,single,5,False,False,public_transport,Hamburg Hauptbahnhof,U1,4.276366600802233,57.018221344029776,6.0,48.68910139254148,0,0.0,12.0,123.70732273657126,0.0,0.0,100.0,100.0,35.0,Low potential,>60 min
EMP0292,Norderstedt,53.73473498429574,10.012050698860518,45-54,couple_no_children,5,True,True,car,Friedrichsgabe,AKN-A1,4.979887268339472,66.39849691119296,6.0,7.933128235642504,1,5.0,12.0,97.33162514683546,0.0,0.0,30.0,20.0,9.0,Low potential,>60 min
EMP0293,Henstedt-Ulzburg,53.814108726367586,9.980320816474245,25-34,single,2,True,True,car,Henstedt-Ulzburg,AKN-A1,1.9528105065802377,26.037473421069837,6.0,23.082988637124704,1,5.0,12.0,72.12046205819453,28.21444199990555,17.383014980100405,30.0,20.0,24.1,Low potential,>60 min
EMP0294,Norderstedt,53.686938419570886,9.992559290717864,45-54,couple_no_children,2,True,True,bike,Norderstedt Mitte,U1,0.487047154146138,6.49396205528184,6.0,2.1709333731238907,0,0.0,12.0,26.664895428405732,99.94467644015371,89.70845722874782,30.0,50.0,75.4,High potential,<=30 min
EMP0295,Hamburg-Innenstadt,53.556252478129025,10.00904804170231,35-44,single,5,True,False,public_transport,Hamburg Hauptbahnhof,U1,0.4092815122069082,5.457086829425443,6.0,37.584009520291936,0,0.0,12.0,61.04109634971738,45.698010210393946,92.48456811967904,100.0,100.0,78.7,High potential,>60 min
EMP0296,Henstedt-Ulzburg,53.76410723409987,10.003407518277804,45-54,single,4,True,False,bike,Henstedt-Ulzburg,AKN-A1,4.035253942463343,53.803385899511234,6.0,13.404782459990031,1,5.0,12.0,90.20816835950126,0.0,0.0,100.0,50.0,27.5,Low potential,>60 min
EMP0297,Henstedt-Ulzburg,53.83350886510261,9.939078232134541,35-44,family_with_children,5,True,False,bike,Kaltenkirchen,AKN-A1,1.5964948363648603,21.28659781819814,6.0,27.52584698763002,1,5.0,12.0,71.81244480582816,28.70050237406887,30.102923001529163,100.0,50.0,46.6,Medium potential,>60 min
EMP0298,Hamburg-Innenstadt,53.572889780921734,9.932844225188346,35-44,couple_no_children,4,True,True,public_transport,Hamburg Hauptbahnhof,U1,5.376895973952131,71.69194631936173,6.0,34.53542141093793,0,0.0,12.0,124.22736773029966,0.0,0.0,30.0,100.0,21.0,Low potential,>60 min
EMP0299,Kaltenkirchen,53.83384832301625,9.939311367549294,35-44,family_with_children,5,True,False,public_transport,Kaltenkirchen,AKN-A1,1.5735386836498069,20.980515781997426,6.0,27.58321621482012,1,5.0,12.0,71.56373199681755,29.092978574925034,30.922421484110217,100.0,100.0,54.5,Medium potential,>60 min
EMP0300,Quickborn,53.71246019477523,9.90569494886376,55-64,single,4,True,False,public_transport,Hasloh,AKN-A1,1.4033492116184092,18.71132282157879,6.0,10.84616522335822,1,5.0,12.0,52.55748804493701,59.085396128543245,36.997917487826186,100.0,100.0,66.8,Medium potential,46-60 min
EMP0301,Kaltenkirchen,53.83926508713489,10.024027808103188,35-44,single,5,True,True,public_transport,Kaltenkirchen,AKN-A1,4.027449313725973,53.699324183012976,6.0,28.046857293309106,1,5.0,12.0,104.74618147632208,0.0,0.0,30.0,100.0,21.0,Low potential,>60 min
EMP0302,Norderstedt,53.68198371129877,9.95504853881478,35-44,couple_no_children,3,True,True,car,Friedrichsgabe,AKN-A1,1.9864489490695099,26.485985987593466,6.0,5.267512728549653,1,5.0,12.0,54.75349871614312,55.620026054910255,16.182175583424325,30.0,20.0,33.3,Low potential,46-60 min
EMP0303,Ohlsdorf,53.59007231761056,10.046032156450714,35-44,single,5,True,True,bike,Alsterdorf,U1,3.384816498950978,45.130886652679706,6.0,29.479915315619042,0,0.0,12.0,92.61080196829874,0.0,0.0,30.0,50.0,13.5,Low potential,>60 min
EMP0304,Ohlsdorf,53.62915585934676,10.035406204302745,45-54,single,5,True,False,car,Ohlsdorf,U1,1.389958222687127,18.532776302495026,6.0,18.863994966508365,0,0.0,12.0,55.396771269003395,54.60492285750767,57.475954694045384,100.0,20.0,59.4,Medium potential,46-60 min
EMP0305,Hamburg-Innenstadt,53.557697608637326,9.992778887061666,18-24,family_with_children,5,True,False,public_transport,Hamburg Hauptbahnhof,U1,1.0801121051585154,14.401494735446873,6.0,37.136244115597584,0,0.0,12.0,69.53773885104445,32.29005594290142,68.53697290123917,100.0,100.0,66.9,Medium potential,>60 min
EMP0306,Fuhlsbüttel,53.62220205794471,10.00679046094368,35-44,single,4,True,True,public_transport,Fuhlsbüttel Nord,U1,0.6855552068335785,9.14073609111438,6.0,19.727399125644883,0,0.0,12.0,46.86813521675926,68.06336389874448,82.622032513913,30.0,100.0,69.6,Medium potential,46-60 min
EMP0307,Fuhlsbüttel,53.63226894421128,9.982289840217511,35-44,single,4,True,False,public_transport,Fuhlsbüttel Nord,U1,1.3593756953242886,18.125009270990514,6.0,17.061774700838615,0,0.0,12.0,53.18678397182913,58.09234846210665,58.56770273555867,100.0,100.0,72.9,High potential,46-60 min
EMP0308,Quickborn,53.726674922872604,9.853696177568127,55-64,couple_no_children,5,True,False,public_transport,Quickborn,AKN-A1,3.5096529842586497,46.79537312344866,6.0,17.3530335277218,1,5.0,12.0,87.14840665117046,4.499899013595154,0.0,100.0,100.0,36.6,Low potential,>60 min
EMP0309,Langenhorn (Hamburg),53.67754561412261,9.996168003454738,35-44,couple_no_children,5,True,True,car,Garstedt,U1,0.4202536301581361,5.603381735441815,6.0,4.649689574414909,0,0.0,12.0,28.253071309856722,97.43848772103277,92.09288079631342,30.0,20.0,70.7,High potential,<=30 min
EMP0310,Norderstedt,53.67192865810006,9.9321157791265,35-44,couple_no_children,4,False,False,public_transport,Friedrichsgabe,AKN-A1,3.7827124270955843,50.43616569460779,6.0,8.50140187219054,1,5.0,12.0,81.93756756679832,12.722757881390512,0.0,100.0,100.0,39.5,Low potential,>60 min
EMP0311,Fuhlsbüttel,53.624378686242736,10.008555947509711,55-64,couple_no_children,4,True,True,public_transport,Fuhlsbüttel Nord,U1,0.5900634757507808,7.86751301001041,6.0,19.167834858150577,0,0.0,12.0,45.03534786816098,70.95555677942724,86.0309368583276,30.0,100.0,71.6,High potential,46-60 min
EMP0312,Fuhlsbüttel,53.655033775012235,9.88448994723275,35-44,family_with_children,4,True,False,public_transport,Hasloh,AKN-A1,7.027245135939227,93.69660181252303,6.0,14.840619577675346,1,5.0,12.0,131.53722139019837,0.0,0.0,100.0,100.0,35.0,Low potential,>60 min
EMP0313,Langenhorn (Hamburg),53.663710160875254,9.981991397432358,25-34,single,5,True,False,car,Garstedt,U1,1.3804922563701822,18.406563418269098,6.0,8.691141852193248,0,0.0,12.0,45.09770527046234,70.85715494621303,57.813874777135474,100.0,20.0,65.1,Medium potential,46-60 min
EMP0314,Langenhorn (Hamburg),53.66606698730415,9.976616382956593,25-34,couple_no_children,5,True,True,car,Garstedt,U1,1.418207426812136,18.90943235749515,6.0,8.355269218728683,0,0.0,12.0,45.26470157622383,70.59362981494613,56.46750261577591,30.0,20.0,50.6,Medium potential,46-60 min
EMP0315,Langenhorn (Hamburg),53.66374473611199,9.998202602948663,25-34,family_with_children,5,True,True,mixed,Ochsenzoll,U1,0.8537867387343693,11.383823183124925,6.0,8.398192315814747,0,0.0,12.0,37.78201549893967,82.40153072481247,76.61643188796062,30.0,80.0,69.8,Medium potential,31-45 min
EMP0316,Langenhorn (Hamburg),53.65707548216221,10.06484199439199,18-24,family_with_children,5,True,True,car,Kiwittsmoor,U1,3.2911638051767764,43.88218406902369,6.0,15.050157177710679,0,0.0,12.0,76.93234124673437,20.62115369919568,0.0,30.0,20.0,16.2,Low potential,>60 min
EMP0317,Langenhorn (Hamburg),53.60922857815959,10.08041754480191,35-44,couple_no_children,4,False,False,mixed,Ohlsdorf,U1,4.165114991457982,55.534866552773096,6.0,26.851411541157415,0,0.0,12.0,100.38627809393051,0.0,0.0,100.0,80.0,32.0,Low potential,>60 min
EMP0318,Quickborn,53.717152867653674,9.894061262089826,45-54,couple_no_children,4,True,True,bike,Quickborn,AKN-A1,1.891458355002865,25.21944473337153,6.0,12.39828546018796,1,5.0,12.0,60.617730193559495,46.36609458128308,19.57319012594572,30.0,50.0,35.6,Low potential,>60 min
EMP0319,Langenhorn (Hamburg),53.65128335759934,9.997834885172585,45-54,single,2,True,True,car,Ochsenzoll,U1,0.9522819167973235,12.697092223964313,6.0,11.771660410892743,0,0.0,12.0,42.468752634857054,75.00572030059793,73.10030921853736,30.0,20.0,57.2,Medium potential,31-45 min
EMP0320,Henstedt-Ulzburg,53.80572095231859,9.934155176111501,18-24,single,5,True,True,public_transport,Henstedt-Ulzburg,AKN-A1,2.9500156071659243,39.33354142887899,6.0,22.52534054371184,1,5.0,12.0,84.85888197259084,8.112836968781156,0.0,30.0,100.0,23.8,Low potential,>60 min
EMP0321,Henstedt-Ulzburg,53.80517250015367,9.984223733800633,35-44,single,4,True,True,public_transport,Henstedt-Ulzburg,AKN-A1,1.0730962285771266,14.307949714361689,6.0,21.333807145888137,1,5.0,12.0,58.64175686024983,49.48423919930871,48.787428641092035,30.0,100.0,53.0,Medium potential,46-60 min
EMP0322,Ohlsdorf,53.614884239651566,10.034501394786808,25-34,family_with_children,4,True,True,car,Ohlsdorf,U1,1.1312470520466453,15.083294027288604,6.0,22.50417913674567,0,0.0,12.0,55.58747316403427,54.303989602177836,66.71153586473584,30.0,20.0,48.0,Medium potential,46-60 min
EMP0323,Langenhorn (Hamburg),53.63687315407997,10.082989023290644,55-64,single,4,True,False,public_transport,Kiwittsmoor,U1,4.4030069492990265,58.706759323987015,6.0,21.0058420193223,0,0.0,12.0,97.71260134330932,0.0,0.0,100.0,100.0,35.0,Low potential,>60 min
EMP0324,Ohlsdorf,53.61082634777647,10.03806255734691,25-34,family_with_children,4,True,True,public_transport,Ohlsdorf,U1,1.5953908800516734,21.27187840068898,6.0,23.720438620608043,0,0.0,12.0,62.992317021297026,42.618926027878345,50.14233250253406,30.0,100.0,51.0,Medium potential,>60 min
EMP0325,Hamburg-Innenstadt,53.5153140188248,10.007519489270313,35-44,single,5,True,False,bike,Hamburg Hauptbahnhof,U1,4.168457742114996,55.579436561533285,6.0,48.656314755866404,0,0.0,12.0,122.23575131739969,0.0,0.0,100.0,50.0,27.5,Low potential,>60 min
EMP0326,Quickborn,53.76371954039139,9.920010658644445,25-34,family_with_children,4,True,True,public_transport,Quickborn,AKN-A1,3.5791875335782164,47.72250044770955,6.0,15.869470439520233,1,5.0,12.0,86.59197088722978,5.377971178517782,0.0,30.0,100.0,22.9,Low potential,>60 min
EMP0327,Hamburg-Innenstadt,53.54831150237996,10.0147807934812,35-44,family_with_children,3,True,True,mixed,Hamburg Hauptbahnhof,U1,0.72121407238921,9.616187631856132,6.0,39.792772185607895,0,0.0,12.0,67.40895981746402,35.64933249518491,81.34906719711412,30.0,80.0,54.9,Medium potential,>60 min
EMP0328,Ohlsdorf,53.64130710832026,10.04589669423325,35-44,single,5,True,True,car,Kiwittsmoor,U1,1.9148113517007932,25.53081802267724,6.0,16.549341654683882,0,0.0,12.0,60.080159677361124,47.214396824859215,38.739524938437064,30.0,20.0,37.1,Low potential,>60 min
EMP0329,Quickborn,53.72888518523882,9.929437707569123,45-54,single,4,True,True,public_transport,Quickborn,AKN-A1,1.5897756786624673,21.197009048832896,6.0,10.04443160061356,1,5.0,12.0,54.24144064944646,56.42806889530245,30.342786344907395,30.0,100.0,49.9,Medium potential,46-60 min
EMP0330,Langenhorn (Hamburg),53.620574753206306,10.011951845155354,25-34,single,4,True,True,bike,Ohlsdorf,U1,0.5440555056709798,7.254073408946398,6.0,20.25551583216613,0,0.0,12.0,45.50958924111252,70.20718980514368,87.6733489007561,30.0,50.0,64.4,Medium potential,46-60 min
EMP0331,Kaltenkirchen,53.81405031913383,9.97608005157559,55-64,family_with_children,4,True,True,car,Henstedt-Ulzburg,AKN-A1,1.9293845157868148,25.725126877157532,6.0,23.113973558937438,1,5.0,12.0,71.83910043609497,28.658438997678417,18.219285941809886,30.0,20.0,24.5,Low potential,>60 min
EMP0332,Norderstedt,53.66565084075275,10.013989054454624,35-44,single,5,True,True,car,Ochsenzoll,U1,0.9737152820276576,12.982870427035435,6.0,8.391870207133408,0,0.0,12.0,39.374740634168845,79.88816314808989,72.33517184988123,30.0,20.0,58.7,Medium potential,31-45 min
EMP0333,Quickborn,53.76161901462428,9.900732104151142,45-54,couple_no_children,4,True,True,car,Quickborn,AKN-A1,3.2460192935263166,43.28025724701756,6.0,16.855689608346236,1,5.0,12.0,83.1359468553638,10.831679765100866,0.0,30.0,20.0,12.8,Low potential,>60 min
EMP0334,Hamburg-Innenstadt,53.56781236267972,10.000419971997951,45-54,couple_no_children,5,True,True,bike,Hamburg Hauptbahnhof,U1,1.723293111267586,22.977241483567813,6.0,34.3990440060801,0,0.0,12.0,75.37628548964791,23.076655907912237,45.576424368831916,30.0,50.0,35.2,Low potential,>60 min
EMP0335,Norderstedt,53.66087135613511,9.995487175214906,55-64,family_with_children,5,True,True,car,Ochsenzoll,U1,0.8109281755709241,10.812375674278988,6.0,9.169087780191209,0,0.0,12.0,37.9814634544702,82.0867959262046,78.14641506563026,30.0,20.0,61.2,Medium potential,31-45 min
EMP0336,Alsterdorf,53.58167691064411,10.000750146043096,25-34,couple_no_children,5,True,False,bike,Alsterdorf,U1,2.2416757422189124,29.889009896252166,6.0,30.643466080446352,0,0.0,12.0,78.53247597669852,18.096093561872618,27.070981199236055,100.0,50.0,42.0,Low potential,>60 min
EMP0337,Norderstedt,53.66888204249479,10.072819715417799,25-34,couple_no_children,4,True,False,car,Kiwittsmoor,U1,4.375846141369999,58.34461521826666,6.0,14.192724953138063,0,0.0,12.0,90.53734017140472,0.0,0.0,100.0,20.0,23.0,Low potential,>60 min
EMP0338,Kaltenkirchen,53.83249876894878,9.953879211070452,25-34,family_with_children,5,True,True,car,Kaltenkirchen,AKN-A1,0.7489251717509056,9.98566895667874,6.0,26.987116378849457,1,5.0,12.0,59.9727853355282,47.383836725922855,60.359824611065676,30.0,20.0,43.7,Low potential,46-60 min
EMP0339,Norderstedt,53.687308099512336,9.998181421454596,25-34,single,4,True,True,car,Norderstedt Mitte,U1,0.7351019090529245,9.801358787372326,6.0,2.0366694489156743,0,0.0,12.0,29.838028236288,94.93737860855488,80.85329330967241,30.0,20.0,66.5,Medium potential,<=30 min
EMP0340,Henstedt-Ulzburg,53.783931130338416,10.004383096509267,35-44,family_with_children,4,True,True,car,Henstedt-Ulzburg,AKN-A1,2.322649650684837,30.96866200913116,6.0,17.22540874234397,1,5.0,12.0,71.19407075147514,29.67631500119474,4.180340248195154,30.0,20.0,20.6,Low potential,>60 min
EMP0341,Norderstedt,53.69642916956076,9.99694587201695,55-64,single,5,True,True,bike,Norderstedt Mitte,U1,0.8540158457014042,11.38687794268539,6.0,0.4978164534752382,0,0.0,12.0,29.884694396160626,94.86373802201568,76.60825313021473,30.0,50.0,69.7,Medium potential,<=30 min
EMP0342,Henstedt-Ulzburg,53.778407518959035,9.968234555332828,55-64,couple_no_children,4,True,True,car,Henstedt-Ulzburg,AKN-A1,2.1035738585472625,28.047651447296836,6.0,16.43902842766602,1,5.0,12.0,67.48667987496286,35.52668793570761,12.00100085519906,30.0,20.0,25.0,Low potential,>60 min
EMP0343,Hamburg-Innenstadt,53.508802955721485,10.00474057245989,35-44,family_with_children,3,True,True,bike,Hamburg Hauptbahnhof,U1,4.894336292960297,65.25781723947063,6.0,50.405222525260506,0,0.0,12.0,133.66303976473114,0.0,0.0,30.0,50.0,13.5,Low potential,>60 min
EMP0344,Alsterdorf,53.61305387947342,10.002590258591933,35-44,family_with_children,4,True,True,car,Alsterdorf,U1,1.2774245768275774,17.032327691034364,6.0,22.15528189565842,0,0.0,12.0,57.18760958669279,51.77892679373279,61.49322854502219,30.0,20.0,45.6,Medium potential,46-60 min
EMP0345,Kaltenkirchen,53.84474993324636,10.007752850140493,45-54,family_with_children,3,True,True,mixed,Kaltenkirchen,AKN-A1,3.0821376417603594,41.09516855680479,6.0,28.95184640729291,1,5.0,12.0,93.0470149640977,0.0,0.0,30.0,80.0,18.0,Low potential,>60 min
EMP0346,Kaltenkirchen,53.84582321429426,9.879361377339094,55-64,single,4,True,False,bike,Kaltenkirchen,AKN-A1,5.56742843944306,74.23237919257413,6.0,32.00977909439333,1,5.0,12.0,129.24215828696745,0.0,0.0,100.0,50.0,27.5,Low potential,>60 min
EMP0347,Henstedt-Ulzburg,53.77858358497658,9.91766340580104,25-34,couple_no_children,5,True,False,public_transport,Henstedt-Ulzburg,AKN-A1,4.352717581903861,58.03623442538481,6.0,18.464667576035573,1,5.0,12.0,99.50090200142037,0.0,0.0,100.0,100.0,35.0,Low potential,>60 min
EMP0348,Langenhorn (Hamburg),53.68727875268696,10.077237253583503,35-44,couple_no_children,5,True,False,public_transport,Ochsenzoll,U1,5.66808998005807,75.57453306744094,6.0,13.208070437718284,0,0.0,12.0,106.78260350515922,0.0,0.0,100.0,100.0,35.0,Low potential,>60 min
EMP0349,Alsterdorf,53.575232533133374,9.98290101637163,45-54,couple_no_children,2,True,True,car,Hamburg Hauptbahnhof,U1,2.9553280947567813,39.40437459675708,6.0,32.447540573406336,0,0.0,12.0,89.85191517016341,0.23368226047504326,1.5947166328448503,30.0,20.0,9.6,Low potential,>60 min
EMP0350,Norderstedt,53.69005184816559,9.975851075703378,25-34,couple_no_children,5,False,False,public_transport,Norderstedt Mitte,U1,0.835084189529394,11.13445586039192,6.0,3.455441386991596,0,0.0,12.0,32.58989724738352,90.59484756230505,77.2840834271414,100.0,100.0,89.9,High potential,31-45 min
EMP0351,Alsterdorf,53.59860386071084,9.945332356466261,35-44,couple_no_children,4,True,True,public_transport,Alsterdorf,U1,3.5393492088832725,47.1913227851103,6.0,27.283372868702177,0,0.0,12.0,92.47469565381247,0.0,0.0,30.0,100.0,21.0,Low potential,>60 min
EMP0352,Norderstedt,53.6716582144723,10.013265191695561,55-64,single,2,False,False,public_transport,Garstedt,U1,1.351601173513289,18.021348980177187,6.0,6.839054529708364,0,0.0,12.0,42.86040350988555,74.38768358546189,58.84524091479939,100.0,100.0,78.7,High potential,31-45 min
EMP0353,Alsterdorf,53.605669544021936,9.939809065145203,55-64,single,4,True,True,car,Alsterdorf,U1,3.9093408088908865,52.12454411854515,6.0,25.758178071371397,0,0.0,12.0,95.88272218991655,0.0,0.0,30.0,20.0,9.0,Low potential,>60 min
EMP0354,Alsterdorf,53.65827049876259,10.023195026887372,55-64,couple_no_children,3,True,True,car,Ochsenzoll,U1,1.0807593333632675,14.410124444843566,6.0,10.802536271401832,0,0.0,12.0,43.2126607162454,73.83181124970926,68.51386787409191,30.0,20.0,55.4,Medium potential,31-45 min
EMP0355,Fuhlsbüttel,53.61617438500718,10.01034279441468,45-54,single,4,True,True,car,Ohlsdorf,U1,0.8087279407185421,10.783039209580561,6.0,21.409489449043228,0,0.0,12.0,50.192528658623786,62.817372293388644,78.22495998320554,30.0,20.0,54.5,Medium potential,46-60 min
EMP0356,Ohlsdorf,53.65501699348365,9.942453960786796,25-34,family_with_children,4,True,True,public_transport,Garstedt,U1,3.9658580057341233,52.87810674312165,6.0,13.75921611385523,0,0.0,12.0,84.63732285697688,8.462463834832546,0.0,30.0,100.0,24.0,Low potential,>60 min
EMP0357,Kaltenkirchen,53.86685225495771,9.885334478773409,25-34,couple_no_children,4,False,False,public_transport,Kaltenkirchen,AKN-A1,6.087559643582829,81.16746191443772,6.0,35.48918832733168,1,5.0,12.0,139.6566502417694,0.0,0.0,100.0,100.0,35.0,Low potential,>60 min
EMP0358,Kaltenkirchen,53.86066082955401,9.992572113715402,35-44,single,5,True,True,public_transport,Kaltenkirchen,AKN-A1,3.303422102600773,44.04562803467697,6.0,31.98922692662755,1,5.0,12.0,99.03485496130452,0.0,0.0,30.0,100.0,21.0,Low potential,>60 min
EMP0359,Ohlsdorf,53.662113739968476,10.00866106056363,35-44,family_with_children,2,False,False,mixed,Ochsenzoll,U1,0.4735796181211162,6.31439490828155,6.0,9.066602747298985,0,0.0,12.0,33.380997655580536,89.34646761782186,90.18922704560714,100.0,80.0,90.3,High potential,31-45 min
EMP0360,Alsterdorf,53.572179377127924,9.987897374799246,35-44,family_with_children,3,True,False,public_transport,Hamburg Hauptbahnhof,U1,2.4937116404177875,33.24948853890383,6.0,33.23264141325535,0,0.0,12.0,84.48212995215918,8.707362848779521,18.07369673725866,100.0,100.0,43.5,Low potential,>60 min
EMP0361,Henstedt-Ulzburg,53.79209573415134,9.914847712138815,35-44,single,3,False,False,car,Henstedt-Ulzburg,AKN-A1,4.0751174267856,54.334899023808006,6.0,20.922206116447004,1,5.0,12.0,98.257105140255,0.0,0.0,100.0,20.0,23.0,Low potential,>60 min
EMP0362,Norderstedt,53.70917442711756,10.005974443372553,35-44,single,5,False,False,public_transport,Norderstedt Mitte,U1,2.3641209505796383,31.521612674395175,6.0,4.243086684256793,0,0.0,12.0,53.76469935865197,57.18038081420449,22.699880183466302,100.0,100.0,61.8,Medium potential,46-60 min
EMP0363,Norderstedt,53.70555343856533,10.02980801451501,45-54,single,4,True,False,public_transport,Norderstedt Mitte,U1,3.187444434710411,42.49925912947215,6.0,6.185131407051648,0,0.0,12.0,66.68439053652381,36.79272434448997,0.0,100.0,100.0,47.9,Medium potential,>60 min
EMP0364,Norderstedt,53.6853043174004,9.962372043453906,25-34,single,5,True,True,car,Friedrichsgabe,AKN-A1,1.4461171952879672,19.281562603839564,6.0,4.2334374635852985,1,5.0,12.0,46.515000067424864,68.62062165459102,35.47116785537269,30.0,20.0,43.7,Low potential,46-60 min
EMP0365,Quickborn,53.73398974401014,9.964420109011252,25-34,family_with_children,4,True,True,bike,Tanneneck,AKN-A1,3.2825674050297797,43.76756540039706,6.0,8.380822266314158,1,5.0,12.0,75.14838766671122,23.436285442415905,0.0,30.0,50.0,21.7,Low potential,>60 min
EMP0366,Fuhlsbüttel,53.61197842433614,9.857225713692229,25-34,family_with_children,2,True,True,car,Alsterdorf,U1,9.402062794437791,125.36083725917055,6.0,31.605537154807397,0,0.0,12.0,174.96637441397795,0.0,0.0,30.0,20.0,9.0,Low potential,>60 min
EMP0367,Kaltenkirchen,53.80934839115413,9.964507697132287,25-34,single,5,False,False,public_transport,Henstedt-Ulzburg,AKN-A1,1.6087069311828843,21.449425749105124,6.0,22.38484734876089,1,5.0,12.0,66.83427309786602,36.556205210295836,29.66697045770662,100.0,100.0,56.7,Medium potential,>60 min
EMP0368,Quickborn,53.73343846478427,9.94445941228495,45-54,family_with_children,3,True,True,public_transport,Quickborn,AKN-A1,2.5249003590963106,33.665338121284144,6.0,9.496074151573486,1,5.0,12.0,66.16141227285763,37.61799958009433,0.0,30.0,100.0,34.2,Low potential,>60 min
EMP0369,Langenhorn (Hamburg),53.68834133650643,10.007054811206023,35-44,single,3,True,True,car,Norderstedt Mitte,U1,1.247296644199589,16.630621922661188,6.0,2.484995617263049,0,0.0,12.0,37.11561753992424,83.45312650008886,62.56874827075352,30.0,20.0,57.0,Medium potential,31-45 min
EMP0370,Hamburg-Innenstadt,53.526893558247345,10.04956455448388,25-34,couple_no_children,3,True,True,public_transport,Hamburg Hauptbahnhof,U1,4.03067751572642,53.742366876352264,6.0,46.29327467023806,0,0.0,12.0,118.03564154659033,0.0,0.0,30.0,100.0,21.0,Low potential,>60 min
EMP0371,Kaltenkirchen,53.86981860832292,9.971757946778824,45-54,family_with_children,5,True,True,car,Kaltenkirchen,AKN-A1,3.729201397302324,49.72268529736432,6.0,33.86382276642804,1,5.0,12.0,106.58650806379237,0.0,0.0,30.0,20.0,9.0,Low potential,>60 min
EMP0372,Langenhorn (Hamburg),53.680013076583236,10.01557997278618,35-44,couple_no_children,5,False,False,bike,Garstedt,U1,1.6095470796750357,21.46062772900048,6.0,5.08171683611218,0,0.0,12.0,44.54234456511266,71.73353063674351,49.636978480261305,100.0,50.0,67.5,Medium potential,31-45 min
EMP0373,Langenhorn (Hamburg),53.65514804992919,10.02448740361956,18-24,single,5,True,True,bike,Kiwittsmoor,U1,1.0471018040630276,13.961357387507034,6.0,11.66132597686093,0,0.0,12.0,43.622683364367965,73.18478333088076,69.71538863984665,30.0,50.0,60.0,Medium potential,31-45 min
EMP0374,Langenhorn (Hamburg),53.679819484706144,10.131390991977273,25-34,couple_no_children,5,True,False,bike,Kiwittsmoor,U1,8.327363808936175,111.03151745248233,6.0,22.11803112382408,0,0.0,12.0,151.14954857630642,0.0,0.0,100.0,50.0,27.5,Low potential,>60 min
EMP0375,Norderstedt,53.674194681426464,9.965639745031842,25-34,family_with_children,3,False,False,mixed,Garstedt,U1,1.8153748894439934,24.204998525919912,6.0,7.381164156603592,0,0.0,12.0,49.58616268252351,63.77423581632091,42.2892499705083,100.0,80.0,67.0,Medium potential,46-60 min
EMP0376,Norderstedt,53.70125198019887,9.9639778261528,35-44,single,5,True,True,car,Friedrichsgabe,AKN-A1,0.5755183668130879,7.673578224174506,6.0,3.855294361578517,1,5.0,12.0,34.52887258575302,87.53508687935368,66.55017433036267,30.0,20.0,59.6,Medium potential,31-45 min
EMP0377,Henstedt-Ulzburg,53.8148582494377,9.912298358828549,25-34,single,4,True,False,mixed,Kaltenkirchen,AKN-A1,4.109093390671582,54.78791187562109,6.0,25.042023899967358,1,5.0,12.0,102.82993577558845,0.0,0.0,100.0,80.0,32.0,Low potential,>60 min
EMP0378,Fuhlsbüttel,53.64218548510181,9.930339285135664,18-24,single,5,True,False,public_transport,Fuhlsbüttel Nord,U1,4.952749090463593,66.03665453951457,6.0,17.703714086755934,0,0.0,12.0,101.74036862627051,0.0,0.0,100.0,100.0,35.0,Low potential,>60 min
EMP0379,Fuhlsbüttel,53.59681346689356,10.012959108481088,18-24,couple_no_children,4,True,True,car,Alsterdorf,U1,1.0921312665121887,14.561750220162516,6.0,26.672164941528234,0,0.0,12.0,59.233915161690746,48.54979580904063,68.10790777811107,30.0,20.0,46.4,Medium potential,46-60 min
EMP0380,Kaltenkirchen,53.81994106971721,9.911579873649723,35-44,couple_no_children,4,True,True,car,Kaltenkirchen,AKN-A1,3.8434633108408036,51.24617747787738,6.0,25.980645482418463,1,5.0,12.0,100.22682296029585,0.0,0.0,30.0,20.0,9.0,Low potential,>60 min
EMP0381,Ohlsdorf,53.65131278989878,9.939710131336213,18-24,family_with_children,5,True,False,public_transport,Garstedt,U1,4.347115703243875,57.961542709918334,6.0,14.82168801339998,0,0.0,12.0,90.78323072331831,0.0,0.0,100.0,100.0,35.0,Low potential,>60 min
EMP0382,Henstedt-Ulzburg,53.78738365355544,9.899319234035696,45-54,family_with_children,3,True,True,car,Henstedt-Ulzburg,AKN-A1,5.167935366008192,68.90580488010923,6.0,20.98377497070661,1,5.0,12.0,112.88957985081584,0.0,0.0,30.0,20.0,9.0,Low potential,>60 min
EMP0383,Kaltenkirchen,53.85543317145167,9.961313316620963,25-34,family_with_children,5,False,False,public_transport,Kaltenkirchen,AKN-A1,2.085318334462017,27.804244459493564,6.0,31.228880112657425,1,5.0,12.0,82.03312457215098,12.571966088337327,12.652694301931106,100.0,100.0,43.2,Low potential,>60 min
EMP0384,Fuhlsbüttel,53.64017684020991,10.01393755467732,35-44,family_with_children,4,False,False,bike,Langenhorn Nord,U1,0.3340861095565073,4.454481460753431,6.0,15.059036347136947,0,0.0,12.0,37.51351780789038,82.82522805725337,95.1689255176269,100.0,50.0,85.0,High potential,31-45 min
EMP0385,Langenhorn (Hamburg),53.64967146803157,10.042947392932506,35-44,single,5,True,False,mixed,Kiwittsmoor,U1,1.6687907452227801,22.250543269637067,6.0,14.353159312338878,0,0.0,12.0,54.603702581975945,55.85640880445478,47.522072963576925,100.0,80.0,65.8,Medium potential,46-60 min
EMP0386,Henstedt-Ulzburg,53.76277199046988,9.970873520645288,35-44,couple_no_children,5,True,True,bike,Henstedt-Ulzburg,AKN-A1,3.7900621283909888,50.53416171187985,6.0,13.426822758545809,1,5.0,12.0,86.96098447042566,4.795656782354696,0.0,30.0,50.0,15.2,Low potential,>60 min
EMP0387,Quickborn,53.730600080006475,9.896328291995363,18-24,single,3,True,True,car,Quickborn,AKN-A1,0.6801597556893839,9.06879674252512,6.0,13.299720083986173,1,5.0,12.0,45.368516826511296,70.42980626606723,62.81464161877439,30.0,20.0,52.5,Medium potential,46-60 min
EMP0388,Henstedt-Ulzburg,53.80186817708074,10.009586044835743,45-54,couple_no_children,5,True,True,bike,Henstedt-Ulzburg,AKN-A1,2.253938034924857,30.052507132331428,6.0,20.7142081704152,1,5.0,12.0,73.76671530274663,25.616605476570808,6.633236669905713,30.0,50.0,24.5,Low potential,>60 min
EMP0389,Norderstedt,53.69313363935779,10.012277292985893,55-64,family_with_children,5,True,True,car,Norderstedt Mitte,U1,1.5906841612715241,21.209122150286987,6.0,2.662316292694053,0,0.0,12.0,41.871438442981045,75.94829983913293,50.3103549471547,30.0,20.0,50.7,Medium potential,31-45 min
EMP0390,Hamburg-Innenstadt,53.570841973064894,10.04017890109927,18-24,family_with_children,5,True,True,car,Hamburg Hauptbahnhof,U1,2.9758229098285875,39.6776387977145,6.0,34.31619790189562,0,0.0,12.0,91.99383669961011,0.0,0.8630840260835715,30.0,20.0,9.3,Low potential,>60 min
EMP0391,Quickborn,53.73268550116264,9.934659726292075,25-34,family_with_children,3,True,True,public_transport,Quickborn,AKN-A1,1.8786224740510402,25.048299654013867,6.0,10.119158488923752,1,5.0,12.0,58.16745814293762,50.23269666469685,20.031410851917528,30.0,100.0,44.6,Low potential,46-60 min
EMP0392,Norderstedt,53.65628452118434,10.039189060388221,55-64,couple_no_children,5,True,True,car,Kiwittsmoor,U1,1.759885127096831,23.465135027957746,6.0,12.518589628205,0,0.0,12.0,53.98372465616275,56.83475238838924,44.27014705752165,30.0,20.0,42.2,Low potential,46-60 min
EMP0393,Alsterdorf,53.63635348122725,9.975774426233546,35-44,couple_no_children,5,True,True,car,Fuhlsbüttel Nord,U1,1.9497844756099687,25.99712634146625,6.0,16.141005352360406,0,0.0,12.0,60.13813169382665,47.12291526076579,37.4910395179731,30.0,20.0,36.7,Low potential,>60 min
EMP0394,Quickborn,53.77131159916779,9.97972619210477,25-34,couple_no_children,4,True,True,car,Henstedt-Ulzburg,AKN-A1,2.8315101220147434,37.75346829352991,6.0,14.880677458365884,1,5.0,12.0,75.6341457518958,22.66974475411434,0.0,30.0,20.0,16.9,Low potential,>60 min
EMP0395,Norderstedt,53.6873689131535,9.964748495309713,25-34,single,3,True,False,public_transport,Friedrichsgabe,AKN-A1,1.1783952218913971,15.711936291885294,6.0,3.8257468755390884,1,5.0,12.0,42.53768316742438,74.89694587256328,45.02842048717909,100.0,100.0,74.7,High potential,31-45 min
EMP0396,Fuhlsbüttel,53.63370975639023,9.951648543926215,35-44,single,4,True,True,public_transport,Fuhlsbüttel Nord,U1,3.3417828166200167,44.55710422160023,6.0,17.993500974937668,0,0.0,12.0,80.5506051965379,14.911425702624626,0.0,30.0,100.0,26.2,Low potential,>60 min
EMP0397,Hamburg-Innenstadt,53.55718323049994,9.885010050590079,45-54,couple_no_children,5,True,True,car,Hamburg Hauptbahnhof,U1,8.066244826070852,107.54993101427803,6.0,41.315049280486356,0,0.0,12.0,166.8649802947644,0.0,0.0,30.0,20.0,9.0,Low potential,>60 min
EMP0398,Langenhorn (Hamburg),53.653967506236434,9.983725159953831,35-44,single,2,True,True,car,Ochsenzoll,U1,1.5853145850150194,21.13752780020026,6.0,11.211770997494398,0,0.0,12.0,50.34929879769466,62.56998435693698,50.50204035929362,30.0,20.0,46.1,Medium potential,46-60 min
EMP0399,Fuhlsbüttel,53.62807922320004,9.968752887472137,55-64,family_with_children,5,False,False,public_transport,Fuhlsbüttel Nord,U1,2.140957513772191,28.54610018362921,6.0,18.57568269147664,0,0.0,12.0,65.12178287510585,39.258565652871845,30.666463264757237,100.0,100.0,57.9,Medium potential,>60 min
EMP0400,Fuhlsbüttel,53.66717198439525,10.047855989399052,35-44,single,5,False,False,public_transport,Ochsenzoll,U1,2.890948528659127,38.5459803821217,6.0,11.19075858548612,0,0.0,12.0,67.73673896760782,35.132087259283885,3.892965707118423,100.0,100.0,48.5,Medium potential,>60 min
EMP0401,Langenhorn (Hamburg),53.62477226643104,10.047420258426545,25-34,single,2,True,True,public_transport,Ohlsdorf,U1,1.8569663698891532,24.759551598522044,6.0,20.68067681565535,0,0.0,12.0,63.4402284141774,41.91210854430282,40.8044996494862,30.0,100.0,47.9,Medium potential,>60 min
EMP0402,Henstedt-Ulzburg,53.80404663843231,9.96618859770853,35-44,family_with_children,3,True,True,bike,Henstedt-Ulzburg,AKN-A1,1.0569052813304176,14.092070417738901,6.0,21.34556660051469,1,5.0,12.0,58.4376370182536,49.806346373542034,49.36541994760252,30.0,50.0,45.7,Medium potential,46-60 min
EMP0403,Kaltenkirchen,53.833431230316464,10.038661246564839,25-34,single,5,True,False,bike,Kaltenkirchen,AKN-A1,4.991078696558027,66.54771595410703,6.0,27.178990600581088,1,5.0,12.0,116.72670655468812,0.0,0.0,100.0,50.0,27.5,Low potential,>60 min
EMP0404,Norderstedt,53.69480170747915,9.966044188092441,25-34,family_with_children,3,True,True,bike,Friedrichsgabe,AKN-A1,0.39729875358015976,5.297316714402131,6.0,3.4071344095222416,1,5.0,12.0,31.704451123924372,91.99210784809611,72.91233372281148,30.0,50.0,67.6,Medium potential,31-45 min
EMP0405,Henstedt-Ulzburg,53.79804458397405,9.8805342541477,18-24,family_with_children,5,True,False,public_transport,Henstedt-Ulzburg,AKN-A1,6.29790683843185,83.97209117909134,6.0,23.867208158623455,1,5.0,12.0,130.8392993377148,0.0,0.0,100.0,100.0,35.0,Low potential,>60 min
EMP0406,Hamburg-Innenstadt,53.560378639237086,9.981665915888517,25-34,single,5,True,True,public_transport,Hamburg Hauptbahnhof,U1,1.8677095271066464,24.902793694755285,6.0,36.47801331630405,0,0.0,12.0,79.38080701105933,16.757401989215793,40.42098586356805,30.0,100.0,39.0,Low potential,>60 min
EMP0407,Langenhorn (Hamburg),53.65834124559682,9.996850983690207,45-54,family_with_children,5,False,False,public_transport,Ochsenzoll,U1,0.6566812554467399,8.755750072623199,6.0,9.855787024891406,0,0.0,12.0,36.611537097514606,84.24858041237363,83.65278708508804,100.0,100.0,89.6,High potential,31-45 min
EMP0408,Hamburg-Innenstadt,53.592980513685205,9.987458085511953,18-24,family_with_children,4,False,False,public_transport,Alsterdorf,U1,1.2296651193324992,16.39553492443332,6.0,27.60319229585108,0,0.0,12.0,61.9987272202844,44.186840249353885,63.19816592856058,100.0,100.0,69.4,Medium potential,>60 min
EMP0409,Norderstedt,53.66863660390793,9.994145589430994,35-44,family_with_children,5,True,True,public_transport,Garstedt,U1,0.6217503449930634,8.290004599907512,6.0,7.0697827332865355,0,0.0,12.0,33.35978733319405,89.3799381366194,84.89976555170152,30.0,100.0,77.8,High potential,31-45 min
EMP0410,Henstedt-Ulzburg,53.80009051591272,9.959428317982132,35-44,family_with_children,5,True,True,car,Henstedt-Ulzburg,AKN-A1,1.1766482163386562,15.688642884515417,6.0,20.733744264057766,1,5.0,12.0,59.42238714857318,48.25238141501047,45.090785832857975,30.0,20.0,39.4,Low potential,46-60 min
EMP0411,Quickborn,53.68035651516326,9.98074241499482,35-44,family_with_children,4,True,True,bike,Garstedt,U1,1.0685890168663859,14.247853558218479,6.0,4.586126518187937,0,0.0,12.0,36.83398007640642,83.89755878381384,68.94832899767493,30.0,50.0,63.5,Medium potential,31-45 min
EMP0412,Quickborn,53.68752014089102,9.859345806327001,45-54,couple_no_children,5,False,False,bike,Hasloh,AKN-A1,5.2784057029513045,70.37874270601739,6.0,15.645920417408812,1,5.0,12.0,109.02466312342621,0.0,0.0,100.0,50.0,27.5,Low potential,>60 min
EMP0413,Norderstedt,53.69317575209093,9.97285272565477,45-54,couple_no_children,5,True,True,mixed,Friedrichsgabe,AKN-A1,0.5162131474320638,6.882841965760851,6.0,2.646510220489753,1,5.0,12.0,32.529352186250605,90.69038946731823,68.66727722191192,30.0,80.0,70.3,High potential,31-45 min
EMP0414,Hamburg-Innenstadt,53.56165299050689,9.927278006595364,45-54,family_with_children,5,True,True,car,Hamburg Hauptbahnhof,U1,5.350533212439227,71.34044283252302,6.0,37.70988882484227,0,0.0,12.0,127.05033165736529,0.0,0.0,30.0,20.0,9.0,Low potential,>60 min
EMP0415,Norderstedt,53.656133727809504,10.018410336797304,25-34,family_with_children,4,True,True,car,Ochsenzoll,U1,0.792720355644439,10.569604741925852,6.0,11.060071682063185,0,0.0,12.0,39.62967642398904,79.48586689865695,78.79640554905649,30.0,20.0,60.5,Medium potential,31-45 min
EMP0416,Langenhorn (Hamburg),53.65076004343298,9.991990332371179,35-44,couple_no_children,4,True,True,public_transport,Ochsenzoll,U1,1.2651490240242778,16.868653653657034,6.0,11.925931011777646,0,0.0,12.0,46.794584665434684,68.17942885361987,61.9314464389357,30.0,100.0,63.4,Medium potential,46-60 min
EMP0417,Norderstedt,53.7189942815318,9.896556072457765,35-44,family_with_children,3,True,True,car,Quickborn,AKN-A1,1.6380074159775464,21.84009887970062,6.0,12.262818798598074,1,5.0,12.0,57.102917678298695,51.9125731410279,28.620989315911487,30.0,20.0,35.8,Low potential,46-60 min
EMP0418,Kaltenkirchen,53.822617356341055,9.993654471848592,25-34,couple_no_children,4,True,False,public_transport,Kaltenkirchen,AKN-A1,2.559715993200823,34.12954657601097,6.0,24.65588086489244,1,5.0,12.0,81.78542744090342,12.962839519511782,0.0,100.0,100.0,39.5,Low potential,>60 min
EMP0419,Norderstedt,53.71700698164548,9.950757162632417,18-24,family_with_children,2,True,True,public_transport,Tanneneck,AKN-A1,1.364003934424294,18.186719125657255,6.0,6.708939091357663,1,5.0,12.0,47.89565821701492,66.44190208084727,38.40248189186784,30.0,100.0,55.8,Medium potential,46-60 min
EMP0420,Henstedt-Ulzburg,53.77719801508653,9.96049419333407,25-34,family_with_children,5,True,True,mixed,Henstedt-Ulzburg,AKN-A1,2.40713772901321,32.09516972017613,6.0,16.404860843142785,1,5.0,12.0,71.50003056331892,29.193501329294193,1.1642489699345724,30.0,80.0,28.6,Low potential,>60 min
EMP0421,Quickborn,53.72036642272396,9.870823686703885,35-44,single,4,True,False,bike,Quickborn,AKN-A1,2.6900358879747315,35.867145172996416,6.0,15.102276021765466,1,5.0,12.0,73.96942119476188,25.296729557410124,0.0,100.0,50.0,36.4,Low potential,>60 min
EMP0422,Norderstedt,53.68321267265083,9.952441636198742,35-44,single,5,True,True,car,Friedrichsgabe,AKN-A1,1.9648165829993296,26.197554439991062,6.0,5.431770179110606,1,5.0,12.0,54.62932461910167,55.81597646874476,16.954416968520434,30.0,20.0,33.6,Low potential,46-60 min
EMP0423,Norderstedt,53.697085908509884,9.893947754529332,25-34,couple_no_children,3,True,True,car,Hasloh,AKN-A1,2.8043397107151904,37.391196142869205,6.0,11.643328658707551,1,5.0,12.0,72.03452480157677,28.3500535436918,0.0,30.0,20.0,18.9,Low potential,>60 min
EMP0424,Norderstedt,53.63462247824775,9.945549048127338,45-54,couple_no_children,4,False,False,public_transport,Fuhlsbüttel Nord,U1,3.7563027956089114,50.08403727478549,6.0,18.18045454268872,0,0.0,12.0,86.26449181747421,5.894742878652027,0.0,100.0,100.0,37.1,Low potential,>60 min
EMP0425,Alsterdorf,53.60657482914386,9.998722845610724,55-64,couple_no_children,4,True,True,car,Alsterdorf,U1,0.5309396493846492,7.079195325128656,6.0,23.889575196541944,0,0.0,12.0,48.9687705216706,64.74849898633556,88.14156430504511,30.0,20.0,58.1,Medium potential,46-60 min
EMP0426,Hamburg-Innenstadt,53.56591729753228,9.997270476324855,25-34,single,4,True,False,public_transport,Hamburg Hauptbahnhof,U1,1.5912168883792897,21.21622517839053,6.0,34.90570214196798,0,0.0,12.0,74.12192732035851,25.056070360887183,50.29133742876377,100.0,100.0,58.9,Medium potential,>60 min
EMP0427,Langenhorn (Hamburg),53.62006098835958,10.045125294537968,55-64,couple_no_children,5,True,True,car,Ohlsdorf,U1,1.6446369571021673,21.92849276136223,6.0,21.720207259801132,0,0.0,12.0,61.648700021163364,44.73919356743929,48.38432514316129,30.0,20.0,39.2,Low potential,>60 min
EMP0428,Hamburg-Innenstadt,53.6121528271896,10.041040361903239,18-24,couple_no_children,5,True,True,car,Ohlsdorf,U1,1.658639123008001,22.115188306773348,6.0,23.519121344827607,0,0.0,12.0,63.63430965160096,41.60584258629093,47.88446988191125,30.0,20.0,37.9,Low potential,>60 min
EMP0429,Norderstedt,53.66285613377781,9.947393021351683,55-64,couple_no_children,5,True,False,public_transport,Garstedt,U1,3.270699591576352,43.60932788768469,6.0,11.624706995508168,0,0.0,12.0,73.23403488319286,26.457191002377055,0.0,100.0,100.0,44.3,Low potential,>60 min
EMP0430,Hamburg-Innenstadt,53.54628458202499,9.9525082518148,55-64,family_with_children,3,True,True,car,Hamburg Hauptbahnhof,U1,3.665646183459137,48.87528244612182,6.0,40.82657175161101,0,0.0,12.0,107.70185419773284,0.0,0.0,30.0,20.0,9.0,Low potential,>60 min
EMP0431,Henstedt-Ulzburg,53.76237682056012,10.046598299651592,18-24,family_with_children,5,True,False,public_transport,Henstedt-Ulzburg,AKN-A1,5.9866434466335745,79.821912621781,6.0,14.267535919289012,1,5.0,12.0,117.08944854107001,0.0,0.0,100.0,100.0,35.0,Low potential,>60 min
EMP0432,Kaltenkirchen,53.79118610676182,9.968676622432849,45-54,family_with_children,3,True,False,public_transport,Henstedt-Ulzburg,AKN-A1,0.7957718713777545,10.610291618370061,6.0,18.853675119880062,1,5.0,12.0,52.46396673825012,59.23297552862958,58.68747124529641,100.0,100.0,73.3,High potential,46-60 min
EMP0433,Quickborn,53.73292720454814,9.962635983128214,55-64,family_with_children,5,True,False,bike,Tanneneck,AKN-A1,3.1457522240764906,41.94336298768654,6.0,8.287445018779836,1,5.0,12.0,73.23080800646638,26.462283109708718,0.0,100.0,50.0,36.8,Low potential,>60 min
EMP0434,Hamburg-Innenstadt,53.533129667486065,10.006452947396216,55-64,family_with_children,5,False,False,public_transport,Hamburg Hauptbahnhof,U1,2.187443652813158,29.165915370842104,6.0,43.82456035536923,0,0.0,12.0,90.99047572621133,0.0,29.00698134381048,100.0,100.0,43.7,Low potential,>60 min
EMP0435,Norderstedt,53.68228335765423,9.974551200746287,55-64,couple_no_children,4,True,True,bike,Norderstedt Mitte,U1,1.3034176310283656,17.378901747044875,6.0,4.802797201404341,0,0.0,12.0,40.18169894844922,78.6147589567338,60.56531746429372,30.0,50.0,59.2,Medium potential,31-45 min
EMP0436,Norderstedt,53.66475285987777,10.02453046073403,35-44,couple_no_children,3,False,False,car,Ochsenzoll,U1,1.3887521471289899,18.516695295053196,6.0,9.327792791102652,0,0.0,12.0,45.84448808615585,69.67870947919428,57.51900969119757,100.0,20.0,64.6,Medium potential,46-60 min
EMP0437,Norderstedt,53.704990010870056,9.972879381685985,18-24,single,2,False,False,public_transport,Friedrichsgabe,AKN-A1,0.8541480384054185,11.388640512072246,6.0,3.2913780667553936,1,5.0,12.0,37.68001857882764,82.56248489465939,56.603534058962126,100.0,100.0,80.9,High potential,31-45 min
EMP0438,Ohlsdorf,53.61922850942274,10.023869316036212,45-54,single,4,True,True,car,Ohlsdorf,U1,0.2802795652173582,3.737060869564776,6.0,20.943155403042255,0,0.0,12.0,42.680216272607026,74.67202439851114,97.0897343738055,30.0,20.0,64.3,Medium potential,31-45 min
EMP0439,Kaltenkirchen,53.82803593445458,9.945444097032183,35-44,couple_no_children,5,True,True,car,Kaltenkirchen,AKN-A1,1.491741136066774,19.889881814223656,6.0,26.334066616594328,1,5.0,12.0,69.22394843081798,32.78522654744511,33.842465053919284,30.0,20.0,30.6,Low potential,>60 min
EMP0440,Quickborn,53.748142892449636,9.865807587937072,35-44,family_with_children,5,True,True,car,Quickborn,AKN-A1,3.1636636336350565,42.18218178180076,6.0,18.061559170865547,1,5.0,12.0,83.2437409526663,10.661577477437023,0.0,30.0,20.0,12.7,Low potential,>60 min
EMP0441,Hamburg-Innenstadt,53.56073505401457,9.958981165160635,35-44,family_with_children,5,True,True,public_transport,Hamburg Hauptbahnhof,U1,3.285853804988122,43.811384066508296,6.0,36.79130125191878,0,0.0,12.0,98.60268531842708,0.0,0.0,30.0,100.0,21.0,Low potential,>60 min
EMP0442,Norderstedt,53.73388415609792,9.942994108753014,35-44,single,3,True,False,mixed,Quickborn,AKN-A1,2.430979170764922,32.41305561019896,6.0,9.667188045862005,1,5.0,12.0,65.08024365606096,39.324115774484504,0.31314706359203015,100.0,80.0,45.9,Medium potential,>60 min
EMP0443,Kaltenkirchen,53.79677875596158,9.947141656895669,25-34,couple_no_children,5,True,True,car,Henstedt-Ulzburg,AKN-A1,1.9216362593004872,25.62181679067316,6.0,20.444313398546594,1,5.0,12.0,69.06613018921976,33.03426842081974,18.495886490343032,30.0,20.0,26.1,Low potential,>60 min
EMP0444,Norderstedt,53.66239966848132,9.98003379527753,45-54,single,4,True,True,car,Garstedt,U1,1.5729078793838698,20.972105058451596,6.0,9.117638966282136,0,0.0,12.0,48.08974402473373,66.13562891077372,50.944940202519085,30.0,20.0,47.4,Medium potential,46-60 min
EMP0445,Langenhorn (Hamburg),53.648246911896024,10.011781199061613,18-24,family_with_children,5,True,True,public_transport,Kiwittsmoor,U1,0.46553351588207725,6.207113545094363,6.0,12.846185259133735,0,0.0,12.0,37.0532988042281,83.55146731625139,90.47646021823108,30.0,100.0,77.4,High potential,31-45 min
EMP0446,Quickborn,53.743255117072685,9.855746294554189,45-54,family_with_children,4,True,True,car,Quickborn,AKN-A1,3.5172986819071848,46.89731575876246,6.0,18.522805952088937,1,5.0,12.0,88.42012171085139,2.4930948719803614,0.0,30.0,20.0,9.9,Low potential,>60 min
EMP0447,Henstedt-Ulzburg,53.76374609390449,9.911154718025179,45-54,couple_no_children,4,True,True,car,Quickborn,AKN-A1,3.479204124981518,46.389388333086906,6.0,16.446027458127695,1,5.0,12.0,85.8354157912146,6.571837594178509,0.0,30.0,20.0,11.3,Low potential,>60 min
EMP0448,Alsterdorf,53.61246062878414,10.028573013350947,35-44,couple_no_children,5,True,True,public_transport,Ohlsdorf,U1,1.050780267342111,14.010403564561479,6.0,22.899560506830348,0,0.0,12.0,54.909964071391826,55.373119076383844,69.58407329651118,30.0,100.0,61.3,Medium potential,46-60 min
EMP0449,Norderstedt,53.6700382116197,10.022104190342574,35-44,couple_no_children,3,False,False,public_transport,Ochsenzoll,U1,1.675867516849617,22.34490022466156,6.0,7.89770343976134,0,0.0,12.0,48.2426036644229,65.89441185851128,47.26944336654682,100.0,100.0,72.2,High potential,46-60 min
EMP0450,Alsterdorf,53.60586549354478,10.005246021960996,25-34,couple_no_children,4,True,False,bike,Alsterdorf,U1,0.6252199529630056,8.336266039506741,6.0,24.12429449508188,0,0.0,12.0,50.46056053458862,62.39441003098845,84.7759060138333,100.0,50.0,74.8,High potential,46-60 min
EMP0451,Norderstedt,53.69420289117815,9.945080456038097,55-64,family_with_children,5,True,True,car,Tanneneck,AKN-A1,1.3666797118831049,18.2223961584414,6.0,5.800244465227804,1,5.0,12.0,47.022640623669204,67.81954977691869,38.30696085250038,30.0,20.0,44.2,Low potential,46-60 min
EMP0452,Hamburg-Innenstadt,53.5609871853466,9.968227839529094,45-54,family_with_children,3,True,True,car,Hamburg Hauptbahnhof,U1,2.711774363084025,36.156991507787005,6.0,36.51317154082539,0,0.0,12.0,90.6701630486124,0.0,10.289201114205449,30.0,20.0,12.1,Low potential,>60 min
EMP0453,Quickborn,53.72394581277296,9.887588911436902,25-34,couple_no_children,5,True,True,car,Quickborn,AKN-A1,1.5520742590047807,20.694323453397075,6.0,13.580960742660764,1,5.0,12.0,57.27528419605784,51.640573655701715,31.68866762493414,30.0,20.0,36.6,Low potential,46-60 min
EMP0454,Norderstedt,53.72518639974098,9.947567263580979,25-34,couple_no_children,5,True,True,public_transport,Hasloh,AKN-A1,1.9151106054688896,25.534808072918526,6.0,8.057682143558145,1,5.0,12.0,56.59249021647667,52.718042838489346,18.72884205041546,30.0,100.0,45.1,Medium potential,46-60 min
EMP0455,Norderstedt,53.661369047014865,10.003443808966438,25-34,single,5,True,False,public_transport,Ochsenzoll,U1,0.43502510059632277,5.800334674617637,6.0,9.114773708342161,0,0.0,12.0,32.9151083829598,90.08165472967674,91.56556257536228,100.0,100.0,94.0,High potential,31-45 min
EMP0456,Norderstedt,53.694508921673574,9.9737741120924,35-44,single,5,True,False,bike,Friedrichsgabe,AKN-A1,0.41515694831772404,5.535425977569654,6.0,2.525233852498867,1,5.0,12.0,31.06065983006852,93.00802963419939,72.2748243077659,100.0,50.0,81.7,High potential,31-45 min
EMP0457,Henstedt-Ulzburg,53.74646524215185,9.951807588372235,55-64,single,5,False,False,bike,Quickborn,AKN-A1,3.3783655199627725,45.04487359950363,6.0,11.172754600819093,1,5.0,12.0,79.21762820032272,17.014902999931326,0.0,100.0,50.0,33.5,Low potential,>60 min
EMP0458,Fuhlsbüttel,53.61738631879967,9.977415531671586,45-54,couple_no_children,5,False,False,bike,Fuhlsbüttel Nord,U1,1.9236168176606157,25.648224235474874,6.0,21.164243177504535,0,0.0,12.0,64.8124674129794,39.74667464060106,38.42518367742246,100.0,50.0,52.9,Medium potential,>60 min
EMP0459,Kaltenkirchen,53.853686018825286,9.88094202140191,25-34,family_with_children,5,True,True,car,Kaltenkirchen,AKN-A1,5.692496191054661,75.89994921406215,6.0,33.323034525933934,1,5.0,12.0,132.2229837399961,0.0,0.0,30.0,20.0,9.0,Low potential,>60 min
EMP0460,Quickborn,53.75555143453247,9.922099481162965,45-54,couple_no_children,5,True,False,public_transport,Quickborn,AKN-A1,2.760455515005605,36.80607353340807,6.0,14.435443123769407,1,5.0,12.0,74.24151665717747,24.867354834878174,0.0,100.0,100.0,43.7,Low potential,>60 min
EMP0461,Alsterdorf,53.613216369779174,9.973498312730905,25-34,single,4,True,True,car,Alsterdorf,U1,2.0918590999019484,27.891454665359312,6.0,22.376399341941834,0,0.0,12.0,68.26785400730114,34.29397194939845,32.419199281250776,30.0,20.0,30.7,Low potential,>60 min
EMP0462,Norderstedt,53.72992024438768,10.00682638386436,45-54,single,3,True,True,car,Friedrichsgabe,AKN-A1,4.343839518435181,57.917860245802416,6.0,6.901757224602132,1,5.0,12.0,87.81961747040455,3.440708401923387,0.0,30.0,20.0,10.2,Low potential,>60 min
EMP0463,Henstedt-Ulzburg,53.78863668044022,10.031726149761283,25-34,couple_no_children,5,True,False,mixed,Henstedt-Ulzburg,AKN-A1,3.7430109359078996,49.906812478772,6.0,18.560046199289925,1,5.0,12.0,91.46685867806193,0.0,0.0,100.0,80.0,32.0,Low potential,>60 min
EMP0464,Langenhorn (Hamburg),53.647604289102325,10.021185407335123,35-44,family_with_children,3,True,True,car,Kiwittsmoor,U1,0.2319429316006084,3.092572421341445,6.0,13.394853289523672,0,0.0,12.0,34.48742571086512,87.60049127914344,98.8152760354981,30.0,20.0,69.3,Medium potential,31-45 min
EMP0465,Alsterdorf,53.59973862377563,10.04494604664392,55-64,couple_no_children,4,True,True,bike,Ohlsdorf,U1,2.8274482593525714,37.69931012470095,6.0,26.917309366110207,0,0.0,12.0,82.61661949081116,11.65119377345083,6.159825271355701,30.0,50.0,19.4,Low potential,>60 min
EMP0466,Quickborn,53.7558025991701,9.902201403976386,25-34,family_with_children,3,True,True,car,Quickborn,AKN-A1,2.5927211168486965,34.56961489131595,6.0,15.901589894467573,1,5.0,12.0,73.47120478578353,26.082929850743962,0.0,30.0,20.0,18.1,Low potential,>60 min
EMP0467,Quickborn,53.73674544665026,9.881330797673467,45-54,family_with_children,5,True,True,car,Quickborn,AKN-A1,1.6931416019819774,22.5752213597597,6.0,15.376604102291711,1,5.0,12.0,60.95182546205141,45.83888232300275,26.652785744093286,30.0,20.0,33.0,Low potential,>60 min
EMP0468,Henstedt-Ulzburg,53.7814205229003,9.98385292261017,55-64,single,3,True,True,car,Henstedt-Ulzburg,AKN-A1,1.7681340504229668,23.575120672306223,6.0,16.770680184537405,1,5.0,12.0,63.345800856843624,42.06111803483093,23.97567349165,30.0,20.0,30.9,Low potential,>60 min
EMP0469,Norderstedt,53.65169821738335,9.981680958950706,25-34,couple_no_children,5,True,True,public_transport,Ochsenzoll,U1,1.7975393666123114,23.96719155483082,6.0,11.876611832994502,0,0.0,12.0,53.84380338782532,57.055552306312684,42.925950034235385,30.0,100.0,53.8,Medium potential,46-60 min
EMP0470,Ohlsdorf,53.6296441478159,10.022324070547961,25-34,family_with_children,5,True,True,car,Ohlsdorf,U1,1.026387342903517,13.685164572046896,6.0,18.136108094011828,0,0.0,12.0,49.82127266605872,63.40322527814908,70.45486226586813,30.0,20.0,52.3,Medium potential,46-60 min
EMP0471,Fuhlsbüttel,53.67780311194874,10.080990765526417,35-44,couple_no_children,5,True,True,car,Ochsenzoll,U1,5.360756488919831,71.47675318559774,6.0,14.405328160624824,0,0.0,12.0,103.88208134622256,0.0,0.0,30.0,20.0,9.0,Low potential,>60 min
EMP0472,Fuhlsbüttel,53.62632271510748,9.995727079994376,25-34,single,4,False,False,bike,Fuhlsbüttel Nord,U1,0.38026290208622643,5.070172027816352,6.0,18.53286390365026,0,0.0,12.0,41.60303593146661,76.37184697544043,93.52048677973028,100.0,50.0,82.3,High potential,31-45 min
EMP0473,Norderstedt,53.6600470899359,10.008887022240767,18-24,family_with_children,5,True,False,public_transport,Ochsenzoll,U1,0.2659427657411524,3.545903543215365,6.0,9.620897103898981,0,0.0,12.0,31.166800647114346,92.84053627189274,97.60153552627453,100.0,100.0,96.8,High potential,31-45 min
EMP0474,Norderstedt,53.67935931066529,9.942831917122195,35-44,family_with_children,5,True,True,car,Friedrichsgabe,AKN-A1,2.696148204913446,35.94864273217928,6.0,6.740252032690611,1,5.0,12.0,65.6888947648699,38.363646244256024,0.0,30.0,20.0,22.4,Low potential,>60 min
EMP0475,Langenhorn (Hamburg),53.689885611861364,10.011131414463364,45-54,couple_no_children,4,True,False,car,Norderstedt Mitte,U1,1.4922634559924128,19.89684607989884,6.0,2.7709308573115825,0,0.0,12.0,40.66777693721042,77.84771345108531,53.82381905553289,100.0,20.0,66.4,Medium potential,31-45 min
EMP0476,Langenhorn (Hamburg),53.66953993983138,10.023389581983393,25-34,couple_no_children,5,True,True,car,Ochsenzoll,U1,1.6855988813930807,22.474651751907743,6.0,8.12256669692831,0,0.0,12.0,48.59721844883605,65.33481919455659,46.9220489849272,30.0,20.0,45.9,Medium potential,46-60 min
EMP0477,Fuhlsbüttel,53.60263836835652,10.011298060309484,25-34,single,4,True,False,public_transport,Alsterdorf,U1,0.8364536550573604,11.152715400764805,6.0,25.07452502088005,0,0.0,12.0,54.22724042164485,56.45047727660392,77.23519566550094,100.0,100.0,77.9,High potential,46-60 min
EMP0478,Alsterdorf,53.63594887796076,10.05834068688284,45-54,family_with_children,5,True,True,car,Kiwittsmoor,U1,2.8945402420398514,38.593869893864685,6.0,18.81794304598185,0,0.0,12.0,75.41181293984653,23.020592536124006,3.7647471984726066,30.0,20.0,18.2,Low potential,>60 min
EMP0479,Quickborn,53.75428147685781,9.880430404664938,35-44,couple_no_children,3,False,False,bike,Quickborn,AKN-A1,2.943102242018091,39.24136322690788,6.0,17.471832098618556,1,5.0,12.0,79.71319532552644,16.232883355093207,0.0,100.0,50.0,33.2,Low potential,>60 min
EMP0480,Fuhlsbüttel,53.63297476533772,10.057212243228824,45-54,single,5,True,False,public_transport,Ohlsdorf,U1,2.8073533730954146,37.431378307938864,6.0,19.412430173011618,0,0.0,12.0,74.84380848095049,23.91692044534467,6.877181049555414,100.0,100.0,45.4,Medium potential,>60 min
EMP0481,Fuhlsbüttel,53.607160243236066,10.000776681637555,35-44,family_with_children,5,True,True,car,Alsterdorf,U1,0.6115785260843392,8.15438034779119,6.0,23.739531323892184,0,0.0,12.0,49.89391167168337,63.28859876946646,85.2628834601881,30.0,20.0,56.7,Medium potential,46-60 min
EMP0482,Norderstedt,53.677175035746494,9.98174037330388,55-64,family_with_children,4,True,False,public_transport,Garstedt,U1,0.824120353186737,10.98827137582316,6.0,5.265681519373977,0,0.0,12.0,34.25395289519714,87.96891831778724,77.6754751101294,100.0,100.0,89.1,High potential,31-45 min
EMP0483,Alsterdorf,53.59291911837332,10.017171743767,35-44,family_with_children,5,True,True,car,Alsterdorf,U1,1.5687539563438049,20.9167194179174,6.0,27.797400526724317,0,0.0,12.0,66.71411994464171,36.74581045534114,51.093228710194815,30.0,20.0,37.2,Low potential,>60 min
EMP0484,Langenhorn (Hamburg),53.64965778015972,10.026747975806813,25-34,single,3,True,False,public_transport,Kiwittsmoor,U1,0.66385960963541,8.851461461805467,6.0,13.174672177118213,0,0.0,12.0,40.02613363892368,78.86024563637237,83.39653115065234,100.0,100.0,87.6,High potential,31-45 min
EMP0485,Norderstedt,53.70720183080526,9.974186631893321,55-64,single,5,True,True,car,Friedrichsgabe,AKN-A1,1.1134398269879027,14.845864359838702,6.0,3.456032089420723,1,5.0,12.0,41.301896449259424,76.84705402398222,47.3472257425545,30.0,20.0,50.1,Medium potential,31-45 min
EMP0486,Fuhlsbüttel,53.61446856198618,9.957728896642626,35-44,family_with_children,5,True,True,car,Alsterdorf,U1,3.048019298177265,40.640257309030204,6.0,22.59365719292743,0,0.0,12.0,81.23391450195763,13.833143320355534,0.0,30.0,20.0,13.8,Low potential,>60 min
EMP0487,Fuhlsbüttel,53.64034219144179,9.991632323797948,25-34,family_with_children,3,True,True,car,Langenhorn Nord,U1,1.1487508112927607,15.316677483903476,6.0,14.74896226838239,0,0.0,12.0,48.06563975228587,66.17366616873551,66.0866792382921,30.0,20.0,52.0,Medium potential,46-60 min
EMP0488,Langenhorn (Hamburg),53.655003317788314,9.936998576081926,25-34,couple_no_children,3,True,True,bike,Garstedt,U1,4.27400082847681,56.98667771302413,6.0,14.324623165539405,0,0.0,12.0,89.31130087856353,1.0867876720528469,0.0,30.0,50.0,13.9,Low potential,>60 min
EMP0489,Alsterdorf,53.628700778652686,10.035357063975404,45-54,family_with_children,5,True,True,public_transport,Ohlsdorf,U1,1.3530178289396364,18.040237719195154,6.0,18.977572928155944,0,0.0,12.0,55.0178106473511,55.20293397584071,58.794668548138375,30.0,100.0,58.0,Medium potential,46-60 min
EMP0490,Alsterdorf,53.58868722702223,10.045540715989016,18-24,couple_no_children,4,False,False,public_transport,Alsterdorf,U1,3.417771367241304,45.570284896550724,6.0,29.820034907303704,0,0.0,12.0,93.39031980385442,0.0,0.0,100.0,100.0,35.0,Low potential,>60 min
EMP0491,Quickborn,53.738740659086304,9.87897886946072,25-34,couple_no_children,5,True,True,car,Quickborn,AKN-A1,1.9100585726124975,25.4674476348333,6.0,15.8080759013831,1,5.0,12.0,64.2755235362164,40.59398802853329,18.909191663486645,30.0,20.0,28.9,Low potential,>60 min
EMP0492,Quickborn,53.719953985883265,9.872614032975276,25-34,single,5,False,False,public_transport,Quickborn,AKN-A1,2.613503777512821,34.84671703350428,6.0,14.883325088295166,1,5.0,12.0,72.73004212179944,27.252506551413603,0.0,100.0,100.0,44.5,Low potential,>60 min
EMP0493,Quickborn,53.74831659547297,9.992969638263643,35-44,single,5,False,False,mixed,Tanneneck,AKN-A1,5.425786038715501,72.34381384954001,6.0,10.339365224220174,1,5.0,12.0,105.68317907376019,0.0,0.0,100.0,80.0,32.0,Low potential,>60 min
EMP0494,Langenhorn (Hamburg),53.65039577428163,10.035928619051854,35-44,single,4,False,False,public_transport,Kiwittsmoor,U1,1.246199265594257,16.615990207923428,6.0,13.619941695503583,0,0.0,12.0,48.23593190342701,65.90494009555346,62.60792295795172,100.0,100.0,76.8,High potential,46-60 min
EMP0495,Kaltenkirchen,53.86606199678241,9.972032500734386,35-44,family_with_children,5,True,True,car,Kaltenkirchen,AKN-A1,3.3205961755442908,44.274615673923876,6.0,33.139653693606334,1,5.0,12.0,100.41426936753021,0.0,0.0,30.0,20.0,9.0,Low potential,>60 min
EMP0496,Ohlsdorf,53.638970785400545,10.06220235764133,25-34,single,5,True,True,car,Kiwittsmoor,U1,3.0189770498263035,40.25302733101738,6.0,18.480106531800843,0,0.0,12.0,76.73313386281822,20.935508868649656,0.0,30.0,20.0,16.3,Low potential,>60 min
EMP0497,Fuhlsbüttel,53.643913110104734,9.99444743037895,18-24,single,3,True,True,car,Langenhorn Nord,U1,1.0775304104361556,14.36707213914874,6.0,13.767153473378718,0,0.0,12.0,46.13422561252746,69.22149505566637,68.62913533515058,30.0,20.0,53.8,Medium potential,46-60 min
EMP0498,Alsterdorf,53.6018429764324,10.04129485253203,35-44,couple_no_children,4,True,True,car,Ohlsdorf,U1,2.4980663731604595,33.307551642139465,6.0,26.203127492933696,0,0.0,12.0,77.51067913507316,19.708519331350537,17.918239639592393,30.0,20.0,21.3,Low potential,>60 min
EMP0499,Langenhorn (Hamburg),53.644829865207306,9.973284945006387,25-34,single,4,True,True,bike,Langenhorn Nord,U1,2.4277633692971854,32.370178257295805,6.0,13.996003278953893,0,0.0,12.0,64.3661815362497,40.450927011403415,20.42794610922496,30.0,50.0,33.8,Low potential,>60 min
EMP0500,Ohlsdorf,53.62442923309233,10.067598450372031,35-44,single,4,True,False,mixed,Ohlsdorf,U1,3.156321351061509,42.08428468082012,6.0,22.256727846338343,0,0.0,12.0,82.34101252715845,12.086109749247242,0.0,100.0,80.0,36.2,Low potential,>60 min
